Last6VFlow,VFlow
[61 83 55 46 60 48],35
[83 55 46 60 48 35],28
[55 46 60 48 35 28],17
[46 60 48 35 28 17],25
[60 48 35 28 17 25],18
[48 35 28 17 25 18],19
[35 28 17 25 18 19],25
[28 17 25 18 19 25],13
[17 25 18 19 25 13],17
[25 18 19 25 13 17],15
[18 19 25 13 17 15],18
[19 25 13 17 15 18],9
[25 13 17 15 18 9],9
[13 17 15 18 9 9],10
[17 15 18 9 9 10],27
[15 18 9 9 10 27],17
[18 9 9 10 27 17],17
[9 9 10 27 17 17],23
[9 10 27 17 17 23],26
[10 27 17 17 23 26],34
[27 17 17 23 26 34],52
[17 17 23 26 34 52],31
[17 23 26 34 52 31],34
[23 26 34 52 31 34],36
[26 34 52 31 34 36],53
[34 52 31 34 36 53],59
[52 31 34 36 53 59],58
[31 34 36 53 59 58],86
[34 36 53 59 58 86],80
[36 53 59 58 86 80],100
[53 59 58 86 80 100],114
[59 58 86 80 100 114],120
[58 86 80 100 114 120],135
[86 80 100 114 120 135],145
[80 100 114 120 135 145],163
[100 114 120 135 145 163],167
[114 120 135 145 163 167],150
[120 135 145 163 167 150],141
[135 145 163 167 150 141],166
[145 163 167 150 141 166],158
[163 167 150 141 166 158],171
[167 150 141 166 158 171],195
[150 141 166 158 171 195],188
[141 166 158 171 195 188],185
[166 158 171 195 188 185],219
[158 171 195 188 185 219],223
[171 195 188 185 219 223],201
[195 188 185 219 223 201],181
[188 185 219 223 201 181],195
[185 219 223 201 181 195],210
[219 223 201 181 195 210],208
[223 201 181 195 210 208],170
[201 181 195 210 208 170],203
[181 195 210 208 170 203],166
[195 210 208 170 203 166],182
[210 208 170 203 166 182],176
[208 170 203 166 182 176],180
[170 203 166 182 176 180],212
[203 166 182 176 180 212],200
[166 182 176 180 212 200],203
[182 176 180 212 200 203],194
[176 180 212 200 203 194],219
[180 212 200 203 194 219],219
[212 200 203 194 219 219],240
[200 203 194 219 219 240],218
[203 194 219 219 240 218],206
[194 219 219 240 218 206],164
[219 219 240 218 206 164],159
[219 240 218 206 164 159],184
[240 218 206 164 159 184],142
[218 206 164 159 184 142],128
[206 164 159 184 142 128],103
[164 159 184 142 128 103],98
[159 184 142 128 103 98],93
[184 142 128 103 98 93],107
[142 128 103 98 93 107],92
[128 103 98 93 107 92],90
[103 98 93 107 92 90],68
[98 93 107 92 90 68],91
[93 107 92 90 68 91],130
[107 92 90 68 91 130],139
[92 90 68 91 130 139],94
[90 68 91 130 139 94],103
[68 91 130 139 94 103],74
[91 130 139 94 103 74],52
[130 139 94 103 74 52],54
[139 94 103 74 52 54],44
[94 103 74 52 54 44],44
[103 74 52 54 44 44],25
[74 52 54 44 44 25],34
[33 31 19 11 8 13],10
[31 19 11 8 13 10],8
[19 11 8 13 10 8],9
[11 8 13 10 8 9],11
[8 13 10 8 9 11],6
[13 10 8 9 11 6],9
[10 8 9 11 6 9],7
[8 9 11 6 9 7],7
[9 11 6 9 7 7],6
[11 6 9 7 7 6],5
[6 9 7 7 6 5],4
[9 7 7 6 5 4],9
[7 7 6 5 4 9],12
[7 6 5 4 9 12],13
[6 5 4 9 12 13],14
[5 4 9 12 13 14],19
[4 9 12 13 14 19],25
[9 12 13 14 19 25],32
[12 13 14 19 25 32],58
[13 14 19 25 32 58],77
[14 19 25 32 58 77],128
[19 25 32 58 77 128],138
[25 32 58 77 128 138],179
[32 58 77 128 138 179],257
[58 77 128 138 179 257],312
[77 128 138 179 257 312],360
[128 138 179 257 312 360],346
[138 179 257 312 360 346],410
[179 257 312 360 346 410],394
[257 312 360 346 410 394],341
[312 360 346 410 394 341],263
[360 346 410 394 341 263],228
[346 410 394 341 263 228],210
[410 394 341 263 228 210],166
[394 341 263 228 210 166],167
[341 263 228 210 166 167],187
[263 228 210 166 167 187],201
[228 210 166 167 187 201],173
[210 166 167 187 201 173],156
[166 167 187 201 173 156],188
[167 187 201 173 156 188],157
[187 201 173 156 188 157],168
[201 173 156 188 157 168],188
[173 156 188 157 168 188],166
[156 188 157 168 188 166],173
[188 157 168 188 166 173],153
[157 168 188 166 173 153],195
[168 188 166 173 153 195],195
[188 166 173 153 195 195],176
[166 173 153 195 195 176],168
[173 153 195 195 176 168],187
[153 195 195 176 168 187],191
[195 195 176 168 187 191],223
[195 176 168 187 191 223],217
[176 168 187 191 223 217],219
[168 187 191 223 217 219],240
[187 191 223 217 219 240],249
[191 223 217 219 240 249],263
[223 217 219 240 249 263],282
[217 219 240 249 263 282],278
[219 240 249 263 282 278],264
[240 249 263 282 278 264],297
[249 263 282 278 264 297],277
[263 282 278 264 297 277],338
[282 278 264 297 277 338],332
[278 264 297 277 338 332],322
[264 297 277 338 332 322],304
[297 277 338 332 322 304],270
[277 338 332 322 304 270],240
[338 332 322 304 270 240],224
[332 322 304 270 240 224],168
[322 304 270 240 224 168],169
[304 270 240 224 168 169],146
[270 240 224 168 169 146],99
[240 224 168 169 146 99],112
[224 168 169 146 99 112],88
[168 169 146 99 112 88],90
[169 146 99 112 88 90],101
[146 99 112 88 90 101],109
[99 112 88 90 101 109],116
[112 88 90 101 109 116],97
[88 90 101 109 116 97],84
[90 101 109 116 97 84],94
[101 109 116 97 84 94],94
[109 116 97 84 94 94],75
[116 97 84 94 94 75],49
[97 84 94 94 75 49],55
[84 94 94 75 49 55],35
[94 94 75 49 55 35],35
[94 75 49 55 35 35],19
[19 12 20 12 5 7],10
[12 20 12 5 7 10],5
[20 12 5 7 10 5],7
[12 5 7 10 5 7],7
[5 7 10 5 7 7],6
[7 10 5 7 7 6],11
[10 5 7 7 6 11],3
[5 7 7 6 11 3],5
[7 7 6 11 3 5],4
[7 6 11 3 5 4],3
[6 11 3 5 4 3],13
[11 3 5 4 3 13],8
[3 5 4 3 13 8],12
[5 4 3 13 8 12],17
[4 3 13 8 12 17],18
[3 13 8 12 17 18],18
[13 8 12 17 18 18],32
[8 12 17 18 18 32],33
[12 17 18 18 32 33],64
[17 18 18 32 33 64],109
[18 18 32 33 64 109],149
[18 32 33 64 109 149],195
[32 33 64 109 149 195],189
[33 64 109 149 195 189],247
[64 109 149 195 189 247],339
[109 149 195 189 247 339],377
[149 195 189 247 339 377],419
[195 189 247 339 377 419],434
[189 247 339 377 419 434],413
[247 339 377 419 434 413],341
[339 377 419 434 413 341],261
[377 419 434 413 341 261],198
[419 434 413 341 261 198],234
[434 413 341 261 198 234],216
[413 341 261 198 234 216],173
[341 261 198 234 216 173],219
[261 198 234 216 173 219],202
[198 234 216 173 219 202],138
[234 216 173 219 202 138],182
[216 173 219 202 138 182],177
[173 219 202 138 182 177],167
[219 202 138 182 177 167],190
[202 138 182 177 167 190],172
[138 182 177 167 190 172],190
[182 177 167 190 172 190],194
[177 167 190 172 190 194],176
[167 190 172 190 194 176],167
[190 172 190 194 176 167],170
[172 190 194 176 167 170],186
[190 194 176 167 170 186],178
[194 176 167 170 186 178],144
[176 167 170 186 178 144],224
[167 170 186 178 144 224],211
[170 186 178 144 224 211],209
[186 178 144 224 211 209],241
[178 144 224 211 209 241],269
[144 224 211 209 241 269],262
[224 211 209 241 269 262],273
[211 209 241 269 262 273],294
[209 241 269 262 273 294],286
[241 269 262 273 294 286],318
[269 262 273 294 286 318],288
[262 273 294 286 318 288],293
[273 294 286 318 288 293],348
[294 286 318 288 293 348],322
[286 318 288 293 348 322],370
[318 288 293 348 322 370],309
[288 293 348 322 370 309],309
[293 348 322 370 309 309],262
[348 322 370 309 309 262],222
[322 370 309 309 262 222],234
[370 309 309 262 222 234],199
[309 309 262 222 234 199],149
[309 262 222 234 199 149],134
[262 222 234 199 149 134],110
[222 234 199 149 134 110],114
[234 199 149 134 110 114],111
[199 149 134 110 114 111],107
[149 134 110 114 111 107],117
[134 110 114 111 107 117],92
[110 114 111 107 117 92],94
[114 111 107 117 92 94],138
[111 107 117 92 94 138],116
[107 117 92 94 138 116],107
[117 92 94 138 116 107],93
[92 94 138 116 107 93],68
[94 138 116 107 93 68],52
[138 116 107 93 68 52],59
[116 107 93 68 52 59],42
[107 93 68 52 59 42],40
[19 33 17 19 14 5],9
[33 17 19 14 5 9],8
[17 19 14 5 9 8],12
[19 14 5 9 8 12],6
[14 5 9 8 12 6],8
[5 9 8 12 6 8],8
[9 8 12 6 8 8],7
[8 12 6 8 8 7],9
[12 6 8 8 7 9],10
[6 8 8 7 9 10],6
[8 8 7 9 10 6],8
[8 7 9 10 6 8],8
[7 9 10 6 8 8],11
[9 10 6 8 8 11],10
[10 6 8 8 11 10],15
[6 8 8 11 10 15],26
[8 8 11 10 15 26],40
[8 11 10 15 26 40],50
[11 10 15 26 40 50],65
[10 15 26 40 50 65],94
[15 26 40 50 65 94],147
[26 40 50 65 94 147],156
[40 50 65 94 147 156],202
[50 65 94 147 156 202],249
[65 94 147 156 202 249],315
[94 147 156 202 249 315],352
[147 156 202 249 315 352],395
[156 202 249 315 352 395],423
[202 249 315 352 395 423],367
[249 315 352 395 423 367],343
[315 352 395 423 367 343],287
[352 395 423 367 343 287],194
[395 423 367 343 287 194],223
[423 367 343 287 194 223],192
[367 343 287 194 223 192],205
[343 287 194 223 192 205],186
[287 194 223 192 205 186],195
[194 223 192 205 186 195],138
[223 192 205 186 195 138],205
[192 205 186 195 138 205],197
[205 186 195 138 205 197],187
[186 195 138 205 197 187],184
[195 138 205 197 187 184],206
[138 205 197 187 184 206],185
[205 197 187 184 206 185],196
[197 187 184 206 185 196],176
[187 184 206 185 196 176],172
[184 206 185 196 176 172],174
[206 185 196 176 172 174],189
[185 196 176 172 174 189],183
[196 176 172 174 189 183],177
[176 172 174 189 183 177],198
[172 174 189 183 177 198],191
[174 189 183 177 198 191],207
[189 183 177 198 191 207],205
[183 177 198 191 207 205],269
[177 198 191 207 205 269],276
[198 191 207 205 269 276],263
[191 207 205 269 276 263],277
[207 205 269 276 263 277],299
[205 269 276 263 277 299],306
[269 276 263 277 299 306],305
[276 263 277 299 306 305],300
[263 277 299 306 305 300],335
[277 299 306 305 300 335],371
[299 306 305 300 335 371],333
[306 305 300 335 371 333],329
[305 300 335 371 333 329],270
[300 335 371 333 329 270],260
[335 371 333 329 270 260],222
[371 333 329 270 260 222],213
[333 329 270 260 222 213],149
[329 270 260 222 213 149],146
[270 260 222 213 149 146],133
[260 222 213 149 146 133],131
[222 213 149 146 133 131],139
[213 149 146 133 131 139],121
[149 146 133 131 139 121],113
[146 133 131 139 121 113],123
[133 131 139 121 113 123],139
[131 139 121 113 123 139],116
[139 121 113 123 139 116],124
[121 113 123 139 116 124],115
[113 123 139 116 124 115],106
[123 139 116 124 115 106],96
[139 116 124 115 106 96],92
[116 124 115 106 96 92],65
[124 115 106 96 92 65],56
[115 106 96 92 65 56],43
[106 96 92 65 56 43],37
[35 31 11 26 16 12],11
[31 11 26 16 12 11],13
[11 26 16 12 11 13],12
[26 16 12 11 13 12],11
[16 12 11 13 12 11],12
[12 11 13 12 11 12],14
[11 13 12 11 12 14],20
[13 12 11 12 14 20],15
[12 11 12 14 20 15],17
[11 12 14 20 15 17],2
[12 14 20 15 17 2],4
[14 20 15 17 2 4],9
[20 15 17 2 4 9],13
[15 17 2 4 9 13],11
[17 2 4 9 13 11],12
[2 4 9 13 11 12],21
[4 9 13 11 12 21],43
[9 13 11 12 21 43],37
[13 11 12 21 43 37],65
[11 12 21 43 37 65],94
[12 21 43 37 65 94],144
[21 43 37 65 94 144],173
[43 37 65 94 144 173],173
[37 65 94 144 173 173],252
[65 94 144 173 173 252],310
[94 144 173 173 252 310],396
[144 173 173 252 310 396],381
[173 173 252 310 396 381],393
[173 252 310 396 381 393],422
[252 310 396 381 393 422],343
[310 396 381 393 422 343],311
[396 381 393 422 343 311],240
[381 393 422 343 311 240],223
[393 422 343 311 240 223],173
[422 343 311 240 223 173],195
[343 311 240 223 173 195],182
[311 240 223 173 195 182],182
[240 223 173 195 182 182],138
[223 173 195 182 182 138],196
[173 195 182 182 138 196],172
[195 182 182 138 196 172],167
[182 182 138 196 172 167],184
[182 138 196 172 167 184],155
[138 196 172 167 184 155],191
[196 172 167 184 155 191],176
[172 167 184 155 191 176],176
[167 184 155 191 176 176],199
[184 155 191 176 176 199],182
[155 191 176 176 199 182],228
[191 176 176 199 182 228],183
[176 176 199 182 228 183],170
[176 199 182 228 183 170],213
[199 182 228 183 170 213],212
[182 228 183 170 213 212],213
[228 183 170 213 212 213],240
[183 170 213 212 213 240],248
[170 213 212 213 240 248],313
[213 212 213 240 248 313],247
[212 213 240 248 313 247],292
[213 240 248 313 247 292],279
[240 248 313 247 292 279],309
[248 313 247 292 279 309],271
[313 247 292 279 309 271],316
[247 292 279 309 271 316],298
[292 279 309 271 316 298],365
[279 309 271 316 298 365],333
[309 271 316 298 365 333],332
[271 316 298 365 333 332],301
[316 298 365 333 332 301],259
[298 365 333 332 301 259],227
[365 333 332 301 259 227],206
[333 332 301 259 227 206],181
[332 301 259 227 206 181],164
[301 259 227 206 181 164],162
[259 227 206 181 164 162],135
[227 206 181 164 162 135],127
[206 181 164 162 135 127],106
[181 164 162 135 127 106],115
[164 162 135 127 106 115],138
[162 135 127 106 115 138],131
[135 127 106 115 138 131],152
[127 106 115 138 131 152],104
[106 115 138 131 152 104],96
[115 138 131 152 104 96],81
[138 131 152 104 96 81],92
[131 152 104 96 81 92],87
[152 104 96 81 92 87],81
[104 96 81 92 87 81],50
[96 81 92 87 81 50],61
[81 92 87 81 50 61],36
[28 20 30 15 14 12],16
[20 30 15 14 12 16],13
[30 15 14 12 16 13],12
[15 14 12 16 13 12],8
[14 12 16 13 12 8],9
[12 16 13 12 8 9],8
[16 13 12 8 9 8],10
[13 12 8 9 8 10],8
[12 8 9 8 10 8],6
[8 9 8 10 8 6],9
[9 8 10 8 6 9],6
[8 10 8 6 9 6],6
[10 8 6 9 6 6],11
[8 6 9 6 6 11],14
[6 9 6 6 11 14],16
[9 6 6 11 14 16],26
[6 6 11 14 16 26],45
[6 11 14 16 26 45],44
[11 14 16 26 45 44],69
[14 16 26 45 44 69],104
[16 26 45 44 69 104],145
[26 45 44 69 104 145],163
[45 44 69 104 145 163],181
[44 69 104 145 163 181],228
[69 104 145 163 181 228],275
[104 145 163 181 228 275],360
[145 163 181 228 275 360],357
[163 181 228 275 360 357],378
[181 228 275 360 357 378],377
[228 275 360 357 378 377],339
[275 360 357 378 377 339],225
[360 357 378 377 339 225],231
[357 378 377 339 225 231],207
[378 377 339 225 231 207],173
[377 339 225 231 207 173],210
[339 225 231 207 173 210],196
[225 231 207 173 210 196],176
[231 207 173 210 196 176],138
[207 173 210 196 176 138],184
[173 210 196 176 138 184],164
[210 196 176 138 184 164],232
[196 176 138 184 164 232],184
[176 138 184 164 232 184],206
[138 184 164 232 184 206],206
[184 164 232 184 206 206],191
[164 232 184 206 206 191],207
[232 184 206 206 191 207],177
[184 206 206 191 207 177],220
[206 206 191 207 177 220],191
[206 191 207 177 220 191],196
[191 207 177 220 191 196],194
[207 177 220 191 196 194],256
[177 220 191 196 194 256],226
[220 191 196 194 256 226],207
[191 196 194 256 226 207],255
[196 194 256 226 207 255],265
[194 256 226 207 255 265],286
[256 226 207 255 265 286],263
[226 207 255 265 286 263],329
[207 255 265 286 263 329],301
[255 265 286 263 329 301],351
[265 286 263 329 301 351],284
[286 263 329 301 351 284],306
[263 329 301 351 284 306],363
[329 301 351 284 306 363],293
[301 351 284 306 363 293],332
[351 284 306 363 293 332],343
[284 306 363 293 332 343],317
[306 363 293 332 343 317],294
[363 293 332 343 317 294],222
[293 332 343 317 294 222],225
[332 343 317 294 222 225],210
[343 317 294 222 225 210],166
[317 294 222 225 210 166],133
[294 222 225 210 166 133],132
[222 225 210 166 133 132],126
[225 210 166 133 132 126],122
[210 166 133 132 126 122],103
[166 133 132 126 122 103],90
[133 132 126 122 103 90],112
[132 126 122 103 90 112],121
[126 122 103 90 112 121],99
[122 103 90 112 121 99],102
[103 90 112 121 99 102],120
[90 112 121 99 102 120],98
[112 121 99 102 120 98],115
[121 99 102 120 98 115],109
[99 102 120 98 115 109],96
[102 120 98 115 109 96],86
[120 98 115 109 96 86],67
[58 61 51 53 36 27],36
[61 51 53 36 27 36],25
[51 53 36 27 36 25],23
[53 36 27 36 25 23],22
[36 27 36 25 23 22],15
[27 36 25 23 22 15],19
[36 25 23 22 15 19],10
[25 23 22 15 19 10],16
[23 22 15 19 10 16],19
[22 15 19 10 16 19],14
[15 19 10 16 19 14],15
[19 10 16 19 14 15],8
[10 16 19 14 15 8],9
[16 19 14 15 8 9],13
[19 14 15 8 9 13],14
[14 15 8 9 13 14],23
[15 8 9 13 14 23],22
[8 9 13 14 23 22],32
[9 13 14 23 22 32],45
[13 14 23 22 32 45],65
[14 23 22 32 45 65],94
[23 22 32 45 65 94],66
[22 32 45 65 94 66],58
[32 45 65 94 66 58],83
[45 65 94 66 58 83],98
[65 94 66 58 83 98],101
[94 66 58 83 98 101],95
[66 58 83 98 101 95],129
[58 83 98 101 95 129],153
[83 98 101 95 129 153],145
[98 101 95 129 153 145],174
[101 95 129 153 145 174],174
[95 129 153 145 174 174],190
[129 153 145 174 174 190],159
[153 145 174 174 190 159],159
[145 174 174 190 159 159],196
[174 174 190 159 159 196],186
[174 190 159 159 196 186],201
[190 159 159 196 186 201],227
[159 159 196 186 201 227],214
[159 196 186 201 227 214],220
[196 186 201 227 214 220],151
[186 201 227 214 220 151],217
[201 227 214 220 151 217],216
[227 214 220 151 217 216],232
[214 220 151 217 216 232],224
[220 151 217 216 232 224],234
[151 217 216 232 224 234],213
[217 216 232 224 234 213],202
[216 232 224 234 213 202],184
[232 224 234 213 202 184],233
[224 234 213 202 184 233],204
[234 213 202 184 233 204],192
[213 202 184 233 204 192],179
[202 184 233 204 192 179],233
[184 233 204 192 179 233],202
[233 204 192 179 233 202],214
[204 192 179 233 202 214],228
[192 179 233 202 214 228],225
[179 233 202 214 228 225],189
[233 202 214 228 225 189],231
[202 214 228 225 189 231],234
[214 228 225 189 231 234],198
[228 225 189 231 234 198],244
[225 189 231 234 198 244],226
[189 231 234 198 244 226],269
[231 234 198 244 226 269],237
[234 198 244 226 269 237],238
[198 244 226 269 237 238],185
[244 226 269 237 238 185],184
[226 269 237 238 185 184],156
[269 237 238 185 184 156],177
[237 238 185 184 156 177],142
[238 185 184 156 177 142],94
[185 184 156 177 142 94],105
[184 156 177 142 94 105],130
[156 177 142 94 105 130],96
[177 142 94 105 130 96],98
[142 94 105 130 96 98],77
[94 105 130 96 98 77],114
[105 130 96 98 77 114],95
[130 96 98 77 114 95],88
[96 98 77 114 95 88],81
[98 77 114 95 88 81],80
[77 114 95 88 81 80],102
[114 95 88 81 80 102],112
[95 88 81 80 102 112],117
[88 81 80 102 112 117],105
[81 80 102 112 117 105],114
[80 102 112 117 105 114],120
[92 103 94 77 56 44],49
[103 94 77 56 44 49],31
[94 77 56 44 49 31],30
[77 56 44 49 31 30],34
[56 44 49 31 30 34],27
[44 49 31 30 34 27],32
[49 31 30 34 27 32],15
[31 30 34 27 32 15],17
[30 34 27 32 15 17],14
[34 27 32 15 17 14],7
[27 32 15 17 14 7],17
[32 15 17 14 7 17],14
[15 17 14 7 17 14],12
[17 14 7 17 14 12],14
[14 7 17 14 12 14],15
[7 17 14 12 14 15],10
[17 14 12 14 15 10],19
[14 12 14 15 10 19],22
[12 14 15 10 19 22],26
[14 15 10 19 22 26],22
[15 10 19 22 26 22],43
[10 19 22 26 22 43],40
[19 22 26 22 43 40],43
[22 26 22 43 40 43],52
[26 22 43 40 43 52],52
[22 43 40 43 52 52],0
[43 40 43 52 52 0],48
[40 43 52 52 0 48],59
[43 52 52 0 48 59],84
[52 52 0 48 59 84],106
[52 0 48 59 84 106],114
[0 48 59 84 106 114],115
[48 59 84 106 114 115],118
[59 84 106 114 115 118],140
[84 106 114 115 118 140],133
[106 114 115 118 140 133],144
[114 115 118 140 133 144],173
[115 118 140 133 144 173],139
[118 140 133 144 173 139],151
[140 133 144 173 139 151],170
[133 144 173 139 151 170],183
[144 173 139 151 170 183],188
[173 139 151 170 183 188],171
[139 151 170 183 188 171],197
[151 170 183 188 171 197],234
[170 183 188 171 197 234],216
[183 188 171 197 234 216],222
[188 171 197 234 216 222],211
[171 197 234 216 222 211],194
[197 234 216 222 211 194],171
[234 216 222 211 194 171],225
[216 222 211 194 171 225],166
[222 211 194 171 225 166],223
[211 194 171 225 166 223],193
[194 171 225 166 223 193],194
[171 225 166 223 193 194],213
[225 166 223 193 194 213],194
[166 223 193 194 213 194],231
[223 193 194 213 194 231],176
[193 194 213 194 231 176],209
[194 213 194 231 176 209],230
[213 194 231 176 209 230],182
[194 231 176 209 230 182],195
[231 176 209 230 182 195],237
[176 209 230 182 195 237],216
[209 230 182 195 237 216],231
[230 182 195 237 216 231],179
[182 195 237 216 231 179],170
[195 237 216 231 179 170],171
[237 216 231 179 170 171],156
[216 231 179 170 171 156],137
[231 179 170 171 156 137],126
[179 170 171 156 137 126],91
[170 171 156 137 126 91],106
[171 156 137 126 91 106],90
[156 137 126 91 106 90],99
[137 126 91 106 90 99],118
[126 91 106 90 99 118],105
[91 106 90 99 118 105],95
[106 90 99 118 105 95],102
[90 99 118 105 95 102],114
[99 118 105 95 102 114],81
[118 105 95 102 114 81],77
[105 95 102 114 81 77],69
[95 102 114 81 77 69],58
[102 114 81 77 69 58],62
[114 81 77 69 58 62],49
[81 77 69 58 62 49],37
[77 69 58 62 49 37],20
[69 58 62 49 37 20],19
[19 18 12 17 20 15],6
[18 12 17 20 15 6],7
[12 17 20 15 6 7],6
[17 20 15 6 7 6],4
[20 15 6 7 6 4],8
[15 6 7 6 4 8],5
[6 7 6 4 8 5],6
[7 6 4 8 5 6],7
[6 4 8 5 6 7],6
[4 8 5 6 7 6],8
[8 5 6 7 6 8],5
[5 6 7 6 8 5],9
[6 7 6 8 5 9],19
[7 6 8 5 9 19],9
[6 8 5 9 19 9],17
[8 5 9 19 9 17],20
[5 9 19 9 17 20],34
[9 19 9 17 20 34],44
[19 9 17 20 34 44],67
[9 17 20 34 44 67],87
[17 20 34 44 67 87],147
[20 34 44 67 87 147],151
[34 44 67 87 147 151],189
[44 67 87 147 151 189],254
[67 87 147 151 189 254],313
[87 147 151 189 254 313],362
[147 151 189 254 313 362],398
[151 189 254 313 362 398],420
[189 254 313 362 398 420],409
[254 313 362 398 420 409],343
[313 362 398 420 409 343],287
[362 398 420 409 343 287],230
[398 420 409 343 287 230],248
[420 409 343 287 230 248],173
[409 343 287 230 248 173],198
[343 287 230 248 173 198],204
[287 230 248 173 198 204],187
[230 248 173 198 204 187],138
[248 173 198 204 187 138],160
[173 198 204 187 138 160],180
[198 204 187 138 160 180],182
[204 187 138 160 180 182],150
[187 138 160 180 182 150],178
[138 160 180 182 150 178],165
[160 180 182 150 178 165],205
[180 182 150 178 165 205],176
[182 150 178 165 205 176],185
[150 178 165 205 176 185],185
[178 165 205 176 185 185],201
[165 205 176 185 185 201],162
[205 176 185 185 201 162],171
[176 185 185 201 162 171],218
[185 185 201 162 171 218],202
[185 201 162 171 218 202],244
[201 162 171 218 202 244],210
[162 171 218 202 244 210],253
[171 218 202 244 210 253],290
[218 202 244 210 253 290],263
[202 244 210 253 290 263],280
[244 210 253 290 263 280],294
[210 253 290 263 280 294],283
[253 290 263 280 294 283],297
[290 263 280 294 283 297],304
[263 280 294 283 297 304],332
[280 294 283 297 304 332],340
[294 283 297 304 332 340],342
[283 297 304 332 340 342],341
[297 304 332 340 342 341],280
[304 332 340 342 341 280],239
[332 340 342 341 280 239],200
[340 342 341 280 239 200],179
[342 341 280 239 200 179],169
[341 280 239 200 179 169],142
[280 239 200 179 169 142],123
[239 200 179 169 142 123],128
[200 179 169 142 123 128],105
[179 169 142 123 128 105],114
[169 142 123 128 105 114],98
[142 123 128 105 114 98],105
[123 128 105 114 98 105],115
[128 105 114 98 105 115],91
[105 114 98 105 115 91],99
[114 98 105 115 91 99],88
[98 105 115 91 99 88],72
[105 115 91 99 88 72],73
[115 91 99 88 72 73],64
[91 99 88 72 73 64],43
[99 88 72 73 64 43],39
[88 72 73 64 43 39],45
[72 73 64 43 39 45],23
[22 21 9 15 7 6],10
[21 9 15 7 6 10],5
[9 15 7 6 10 5],9
[15 7 6 10 5 9],14
[7 6 10 5 9 14],5
[6 10 5 9 14 5],1
[10 5 9 14 5 1],7
[5 9 14 5 1 7],5
[9 14 5 1 7 5],12
[14 5 1 7 5 12],7
[5 1 7 5 12 7],6
[1 7 5 12 7 6],9
[7 5 12 7 6 9],11
[5 12 7 6 9 11],11
[12 7 6 9 11 11],15
[7 6 9 11 11 15],24
[6 9 11 11 15 24],49
[9 11 11 15 24 49],39
[11 11 15 24 49 39],70
[11 15 24 49 39 70],108
[15 24 49 39 70 108],148
[24 49 39 70 108 148],158
[49 39 70 108 148 158],198
[39 70 108 148 158 198],232
[70 108 148 158 198 232],311
[108 148 158 198 232 311],360
[148 158 198 232 311 360],394
[158 198 232 311 360 394],415
[198 232 311 360 394 415],387
[232 311 360 394 415 387],343
[311 360 394 415 387 343],270
[360 394 415 387 343 270],216
[394 415 387 343 270 216],217
[415 387 343 270 216 217],173
[387 343 270 216 217 173],202
[343 270 216 217 173 202],185
[270 216 217 173 202 185],193
[216 217 173 202 185 193],138
[217 173 202 185 193 138],170
[173 202 185 193 138 170],216
[202 185 193 138 170 216],158
[185 193 138 170 216 158],186
[193 138 170 216 158 186],187
[138 170 216 158 186 187],192
[170 216 158 186 187 192],192
[216 158 186 187 192 192],186
[158 186 187 192 192 186],170
[186 187 192 192 186 170],162
[187 192 192 186 170 162],215
[192 192 186 170 162 215],189
[192 186 170 162 215 189],176
[186 170 162 215 189 176],188
[170 162 215 189 176 188],200
[162 215 189 176 188 200],215
[215 189 176 188 200 215],202
[189 176 188 200 215 202],245
[176 188 200 215 202 245],275
[188 200 215 202 245 275],263
[200 215 202 245 275 263],297
[215 202 245 275 263 297],284
[202 245 275 263 297 284],283
[245 275 263 297 284 283],294
[275 263 297 284 283 294],300
[263 297 284 283 294 300],330
[297 284 283 294 300 330],339
[284 283 294 300 330 339],307
[283 294 300 330 339 307],315
[294 300 330 339 307 315],315
[300 330 339 307 315 315],280
[330 339 307 315 315 280],259
[339 307 315 315 280 259],202
[307 315 315 280 259 202],188
[315 315 280 259 202 188],150
[315 280 259 202 188 150],133
[280 259 202 188 150 133],126
[259 202 188 150 133 126],96
[202 188 150 133 126 96],106
[188 150 133 126 96 106],115
[150 133 126 96 106 115],142
[133 126 96 106 115 142],133
[126 96 106 115 142 133],108
[96 106 115 142 133 108],118
[106 115 142 133 108 118],114
[115 142 133 108 118 114],114
[142 133 108 118 114 114],96
[133 108 118 114 114 96],86
[108 118 114 114 96 86],61
[118 114 114 96 86 61],47
[114 114 96 86 61 47],40
[114 96 86 61 47 40],35
[26 23 20 13 17 7],19
[23 20 13 17 7 19],11
[20 13 17 7 19 11],9
[13 17 7 19 11 9],6
[17 7 19 11 9 6],7
[7 19 11 9 6 7],7
[19 11 9 6 7 7],3
[11 9 6 7 7 3],7
[9 6 7 7 3 7],8
[6 7 7 3 7 8],8
[7 7 3 7 8 8],5
[7 3 7 8 8 5],19
[3 7 8 8 5 19],9
[7 8 8 5 19 9],13
[8 8 5 19 9 13],15
[8 5 19 9 13 15],24
[5 19 9 13 15 24],47
[19 9 13 15 24 47],41
[9 13 15 24 47 41],63
[13 15 24 47 41 63],98
[15 24 47 41 63 98],157
[24 47 41 63 98 157],158
[47 41 63 98 157 158],221
[41 63 98 157 158 221],232
[63 98 157 158 221 232],313
[98 157 158 221 232 313],360
[157 158 221 232 313 360],398
[158 221 232 313 360 398],454
[221 232 313 360 398 454],424
[232 313 360 398 454 424],324
[313 360 398 454 424 324],265
[360 398 454 424 324 265],232
[398 454 424 324 265 232],243
[454 424 324 265 232 243],138
[424 324 265 232 243 138],209
[324 265 232 243 138 209],190
[265 232 243 138 209 190],198
[232 243 138 209 190 198],103
[243 138 209 190 198 103],159
[138 209 190 198 103 159],174
[209 190 198 103 159 174],181
[190 198 103 159 174 181],184
[198 103 159 174 181 184],189
[103 159 174 181 184 189],194
[159 174 181 184 189 194],182
[174 181 184 189 194 182],189
[181 184 189 194 182 189],164
[184 189 194 182 189 164],208
[189 194 182 189 164 208],210
[194 182 189 164 208 210],189
[182 189 164 208 210 189],190
[189 164 208 210 189 190],194
[164 208 210 189 190 194],178
[208 210 189 190 194 178],216
[210 189 190 194 178 216],202
[189 190 194 178 216 202],276
[190 194 178 216 202 276],287
[194 178 216 202 276 287],245
[178 216 202 276 287 245],252
[216 202 276 287 245 252],315
[202 276 287 245 252 315],271
[276 287 245 252 315 271],290
[287 245 252 315 271 290],330
[245 252 315 271 290 330],330
[252 315 271 290 330 330],310
[315 271 290 330 330 310],358
[271 290 330 330 310 358],295
[290 330 330 310 358 295],341
[330 330 310 358 295 341],278
[330 310 358 295 341 278],241
[310 358 295 341 278 241],236
[358 295 341 278 241 236],184
[295 341 278 241 236 184],158
[341 278 241 236 184 158],125
[278 241 236 184 158 125],146
[241 236 184 158 125 146],118
[236 184 158 125 146 118],115
[184 158 125 146 118 115],113
[158 125 146 118 115 113],119
[125 146 118 115 113 119],130
[146 118 115 113 119 130],119
[118 115 113 119 130 119],119
[115 113 119 130 119 119],136
[113 119 130 119 119 136],125
[119 130 119 119 136 125],107
[130 119 119 136 125 107],99
[119 119 136 125 107 99],45
[119 136 125 107 99 45],41
[136 125 107 99 45 41],48
[125 107 99 45 41 48],47
[29 23 25 15 14 8],11
[23 25 15 14 8 11],15
[25 15 14 8 11 15],18
[15 14 8 11 15 18],16
[14 8 11 15 18 16],9
[8 11 15 18 16 9],9
[11 15 18 16 9 9],13
[15 18 16 9 9 13],7
[18 16 9 9 13 7],8
[16 9 9 13 7 8],8
[9 9 13 7 8 8],9
[9 13 7 8 8 9],13
[13 7 8 8 9 13],13
[7 8 8 9 13 13],16
[8 8 9 13 13 16],12
[8 9 13 13 16 12],29
[9 13 13 16 12 29],41
[13 13 16 12 29 41],65
[13 16 12 29 41 65],73
[16 12 29 41 65 73],108
[12 29 41 65 73 108],159
[29 41 65 73 108 159],166
[41 65 73 108 159 166],180
[65 73 108 159 166 180],247
[73 108 159 166 180 247],314
[108 159 166 180 247 314],360
[159 166 180 247 314 360],364
[166 180 247 314 360 364],420
[180 247 314 360 364 420],404
[247 314 360 364 420 404],368
[314 360 364 420 404 368],269
[360 364 420 404 368 269],210
[364 420 404 368 269 210],208
[420 404 368 269 210 208],173
[404 368 269 210 208 173],177
[368 269 210 208 173 177],176
[269 210 208 173 177 176],212
[210 208 173 177 176 212],138
[208 173 177 176 212 138],164
[173 177 176 212 138 164],190
[177 176 212 138 164 190],175
[176 212 138 164 190 175],178
[212 138 164 190 175 178],186
[138 164 190 175 178 186],182
[164 190 175 178 186 182],179
[190 175 178 186 182 179],197
[175 178 186 182 179 197],174
[178 186 182 179 197 174],194
[186 182 179 197 174 194],187
[182 179 197 174 194 187],191
[179 197 174 194 187 191],194
[197 174 194 187 191 194],218
[174 194 187 191 194 218],205
[194 187 191 194 218 205],232
[187 191 194 218 205 232],241
[191 194 218 205 232 241],264
[194 218 205 232 241 264],240
[218 205 232 241 264 240],267
[205 232 241 264 240 267],305
[232 241 264 240 267 305],285
[241 264 240 267 305 285],279
[264 240 267 305 285 279],282
[240 267 305 285 279 282],313
[267 305 285 279 282 313],323
[305 285 279 282 313 323],333
[285 279 282 313 323 333],330
[279 282 313 323 333 330],318
[282 313 323 333 330 318],286
[313 323 333 330 318 286],247
[323 333 330 318 286 247],220
[333 330 318 286 247 220],191
[330 318 286 247 220 191],184
[318 286 247 220 191 184],187
[286 247 220 191 184 187],149
[247 220 191 184 187 149],124
[220 191 184 187 149 124],125
[191 184 187 149 124 125],141
[184 187 149 124 125 141],135
[187 149 124 125 141 135],120
[149 124 125 141 135 120],138
[124 125 141 135 120 138],128
[125 141 135 120 138 128],122
[141 135 120 138 128 122],110
[135 120 138 128 122 110],97
[120 138 128 122 110 97],93
[138 128 122 110 97 93],91
[128 122 110 97 93 91],84
[122 110 97 93 91 84],57
[110 97 93 91 84 57],39
[97 93 91 84 57 39],43
[24 20 16 17 15 21],7
[20 16 17 15 21 7],9
[16 17 15 21 7 9],12
[17 15 21 7 9 12],17
[15 21 7 9 12 17],4
[21 7 9 12 17 4],12
[7 9 12 17 4 12],7
[9 12 17 4 12 7],7
[12 17 4 12 7 7],12
[17 4 12 7 7 12],10
[4 12 7 7 12 10],9
[12 7 7 12 10 9],14
[7 7 12 10 9 14],5
[7 12 10 9 14 5],12
[12 10 9 14 5 12],17
[10 9 14 5 12 17],26
[9 14 5 12 17 26],41
[14 5 12 17 26 41],43
[5 12 17 26 41 43],78
[12 17 26 41 43 78],123
[17 26 41 43 78 123],133
[26 41 43 78 123 133],162
[41 43 78 123 133 162],184
[43 78 123 133 162 184],245
[78 123 133 162 184 245],266
[123 133 162 184 245 266],378
[133 162 184 245 266 378],351
[162 184 245 266 378 351],401
[184 245 266 378 351 401],379
[245 266 378 351 401 379],363
[266 378 351 401 379 363],234
[378 351 401 379 363 234],217
[351 401 379 363 234 217],219
[401 379 363 234 217 219],173
[379 363 234 217 219 173],186
[363 234 217 219 173 186],198
[234 217 219 173 186 198],215
[217 219 173 186 198 215],177
[219 173 186 198 215 177],187
[173 186 198 215 177 187],155
[186 198 215 177 187 155],205
[198 215 177 187 155 205],188
[215 177 187 155 205 188],179
[177 187 155 205 188 179],189
[187 155 205 188 179 189],234
[155 205 188 179 189 234],182
[205 188 179 189 234 182],191
[188 179 189 234 182 191],212
[179 189 234 182 191 212],211
[189 234 182 191 212 211],173
[234 182 191 212 211 173],191
[182 191 212 211 173 191],206
[191 212 211 173 191 206],211
[212 211 173 191 206 211],226
[211 173 191 206 211 226],211
[173 191 206 211 226 211],235
[191 206 211 226 211 235],299
[206 211 226 211 235 299],280
[211 226 211 235 299 280],309
[226 211 235 299 280 309],316
[211 235 299 280 309 316],291
[235 299 280 309 316 291],308
[299 280 309 316 291 308],305
[280 309 316 291 308 305],329
[309 316 291 308 305 329],348
[316 291 308 305 329 348],355
[291 308 305 329 348 355],316
[308 305 329 348 355 316],347
[305 329 348 355 316 347],256
[329 348 355 316 347 256],242
[348 355 316 347 256 242],191
[355 316 347 256 242 191],184
[316 347 256 242 191 184],150
[347 256 242 191 184 150],151
[256 242 191 184 150 151],132
[242 191 184 150 151 132],114
[191 184 150 151 132 114],129
[184 150 151 132 114 129],94
[150 151 132 114 129 94],93
[151 132 114 129 94 93],107
[132 114 129 94 93 107],110
[114 129 94 93 107 110],113
[129 94 93 107 110 113],106
[94 93 107 110 113 106],108
[93 107 110 113 106 108],102
[107 110 113 106 108 102],110
[110 113 106 108 102 110],99
[113 106 108 102 110 99],86
[106 108 102 110 99 86],81
[108 102 110 99 86 81],74
[49 63 53 48 43 35],29
[63 53 48 43 35 29],21
[53 48 43 35 29 21],18
[48 43 35 29 21 18],21
[43 35 29 21 18 21],15
[35 29 21 18 21 15],18
[29 21 18 21 15 18],11
[21 18 21 15 18 11],13
[18 21 15 18 11 13],11
[21 15 18 11 13 11],5
[15 18 11 13 11 5],12
[18 11 13 11 5 12],13
[11 13 11 5 12 13],11
[13 11 5 12 13 11],10
[11 5 12 13 11 10],9
[5 12 13 11 10 9],18
[12 13 11 10 9 18],38
[13 11 10 9 18 38],31
[11 10 9 18 38 31],44
[10 9 18 38 31 44],57
[9 18 38 31 44 57],74
[18 38 31 44 57 74],60
[38 31 44 57 74 60],58
[31 44 57 74 60 58],78
[44 57 74 60 58 78],100
[57 74 60 58 78 100],129
[74 60 58 78 100 129],109
[60 58 78 100 129 109],140
[58 78 100 129 109 140],168
[78 100 129 109 140 168],178
[100 129 109 140 168 178],184
[129 109 140 168 178 184],170
[109 140 168 178 184 170],166
[140 168 178 184 170 166],182
[168 178 184 170 166 182],167
[178 184 170 166 182 167],174
[184 170 166 182 167 174],184
[170 166 182 167 174 184],209
[166 182 167 174 184 209],201
[182 167 174 184 209 201],203
[167 174 184 209 201 203],216
[174 184 209 201 203 216],203
[184 209 201 203 216 203],210
[209 201 203 216 203 210],230
[201 203 216 203 210 230],233
[203 216 203 210 230 233],200
[216 203 210 230 233 200],227
[203 210 230 233 200 227],235
[210 230 233 200 227 235],227
[230 233 200 227 235 227],214
[233 200 227 235 227 214],195
[200 227 235 227 214 195],204
[227 235 227 214 195 204],217
[235 227 214 195 204 217],207
[227 214 195 204 217 207],201
[214 195 204 217 207 201],227
[195 204 217 207 201 227],207
[204 217 207 201 227 207],203
[217 207 201 227 207 203],232
[207 201 227 207 203 232],225
[201 227 207 203 232 225],227
[227 207 203 232 225 227],230
[207 203 232 225 227 230],222
[203 232 225 227 230 222],231
[232 225 227 230 222 231],247
[225 227 230 222 231 247],283
[227 230 222 231 247 283],208
[230 222 231 247 283 208],228
[222 231 247 283 208 228],201
[231 247 283 208 228 201],202
[247 283 208 228 201 202],185
[283 208 228 201 202 185],162
[208 228 201 202 185 162],170
[228 201 202 185 162 170],135
[201 202 185 162 170 135],119
[202 185 162 170 135 119],117
[185 162 170 135 119 117],107
[162 170 135 119 117 107],91
[170 135 119 117 107 91],110
[135 119 117 107 91 110],104
[119 117 107 91 110 104],100
[117 107 91 110 104 100],129
[107 91 110 104 100 129],128
[91 110 104 100 129 128],108
[110 104 100 129 128 108],122
[104 100 129 128 108 122],119
[100 129 128 108 122 119],93
[129 128 108 122 119 93],107
[128 108 122 119 93 107],112
[108 122 119 93 107 112],93
[102 98 81 69 55 59],40
[98 81 69 55 59 40],32
[81 69 55 59 40 32],37
[69 55 59 40 32 37],23
[55 59 40 32 37 23],26
[59 40 32 37 23 26],24
[40 32 37 23 26 24],24
[32 37 23 26 24 24],23
[37 23 26 24 24 23],22
[23 26 24 24 23 22],14
[26 24 24 23 22 14],29
[24 24 23 22 14 29],22
[24 23 22 14 29 22],21
[23 22 14 29 22 21],13
[22 14 29 22 21 13],17
[14 29 22 21 13 17],13
[29 22 21 13 17 13],24
[22 21 13 17 13 24],27
[21 13 17 13 24 27],29
[13 17 13 24 27 29],32
[17 13 24 27 29 32],56
[13 24 27 29 32 56],54
[24 27 29 32 56 54],40
[27 29 32 56 54 40],38
[29 32 56 54 40 38],50
[32 56 54 40 38 50],53
[56 54 40 38 50 53],66
[54 40 38 50 53 66],82
[40 38 50 53 66 82],78
[38 50 53 66 82 78],98
[50 53 66 82 78 98],103
[53 66 82 78 98 103],116
[66 82 78 98 103 116],150
[82 78 98 103 116 150],149
[78 98 103 116 150 149],145
[98 103 116 150 149 145],138
[103 116 150 149 145 138],137
[116 150 149 145 138 137],185
[150 149 145 138 137 185],164
[149 145 138 137 185 164],164
[145 138 137 185 164 164],159
[138 137 185 164 164 159],211
[137 185 164 164 159 211],214
[185 164 164 159 211 214],229
[164 164 159 211 214 229],213
[164 159 211 214 229 213],201
[159 211 214 229 213 201],186
[211 214 229 213 201 186],213
[214 229 213 201 186 213],179
[229 213 201 186 213 179],199
[213 201 186 213 179 199],194
[201 186 213 179 199 194],171
[186 213 179 199 194 171],173
[213 179 199 194 171 173],174
[179 199 194 171 173 174],164
[199 194 171 173 174 164],201
[194 171 173 174 164 201],192
[171 173 174 164 201 192],186
[173 174 164 201 192 186],191
[174 164 201 192 186 191],202
[164 201 192 186 191 202],219
[201 192 186 191 202 219],199
[192 186 191 202 219 199],231
[186 191 202 219 199 231],244
[191 202 219 199 231 244],217
[202 219 199 231 244 217],196
[219 199 231 244 217 196],211
[199 231 244 217 196 211],176
[231 244 217 196 211 176],178
[244 217 196 211 176 178],161
[217 196 211 176 178 161],114
[196 211 176 178 161 114],111
[211 176 178 161 114 111],113
[176 178 161 114 111 113],106
[178 161 114 111 113 106],96
[161 114 111 113 106 96],81
[114 111 113 106 96 81],94
[111 113 106 96 81 94],102
[113 106 96 81 94 102],132
[106 96 81 94 102 132],115
[96 81 94 102 132 115],102
[81 94 102 132 115 102],86
[94 102 132 115 102 86],81
[102 132 115 102 86 81],69
[132 115 102 86 81 69],56
[115 102 86 81 69 56],71
[102 86 81 69 56 71],47
[86 81 69 56 71 47],31
[81 69 56 71 47 31],23
[69 56 71 47 31 23],25
[29 31 25 10 4 10],7
[31 25 10 4 10 7],12
[25 10 4 10 7 12],7
[10 4 10 7 12 7],7
[4 10 7 12 7 7],4
[10 7 12 7 7 4],7
[7 12 7 7 4 7],4
[12 7 7 4 7 4],9
[7 7 4 7 4 9],5
[7 4 7 4 9 5],1
[4 7 4 9 5 1],9
[7 4 9 5 1 9],13
[4 9 5 1 9 13],8
[9 5 1 9 13 8],7
[5 1 9 13 8 7],14
[1 9 13 8 7 14],27
[9 13 8 7 14 27],38
[13 8 7 14 27 38],34
[8 7 14 27 38 34],58
[7 14 27 38 34 58],118
[14 27 38 34 58 118],140
[27 38 34 58 118 140],149
[38 34 58 118 140 149],189
[34 58 118 140 149 189],232
[58 118 140 149 189 232],336
[118 140 149 189 232 336],357
[140 149 189 232 336 357],380
[149 189 232 336 357 380],370
[189 232 336 357 380 370],413
[232 336 357 380 370 413],361
[336 357 380 370 413 361],278
[357 380 370 413 361 278],209
[380 370 413 361 278 209],225
[370 413 361 278 209 225],195
[413 361 278 209 225 195],171
[361 278 209 225 195 171],177
[278 209 225 195 171 177],168
[209 225 195 171 177 168],138
[225 195 171 177 168 138],170
[195 171 177 168 138 170],156
[171 177 168 138 170 156],165
[177 168 138 170 156 165],184
[168 138 170 156 165 184],171
[138 170 156 165 184 171],190
[170 156 165 184 171 190],200
[156 165 184 171 190 200],203
[165 184 171 190 200 203],177
[184 171 190 200 203 177],197
[171 190 200 203 177 197],200
[190 200 203 177 197 200],199
[200 203 177 197 200 199],173
[203 177 197 200 199 173],194
[177 197 200 199 173 194],166
[197 200 199 173 194 166],207
[200 199 173 194 166 207],207
[199 173 194 166 207 207],245
[173 194 166 207 207 245],268
[194 166 207 207 245 268],260
[166 207 207 245 268 260],293
[207 207 245 268 260 293],325
[207 245 268 260 293 325],289
[245 268 260 293 325 289],288
[268 260 293 325 289 288],294
[260 293 325 289 288 294],317
[293 325 289 288 294 317],338
[325 289 288 294 317 338],344
[289 288 294 317 338 344],290
[288 294 317 338 344 290],301
[294 317 338 344 290 301],259
[317 338 344 290 301 259],199
[338 344 290 301 259 199],204
[344 290 301 259 199 204],161
[290 301 259 199 204 161],141
[301 259 199 204 161 141],135
[259 199 204 161 141 135],123
[199 204 161 141 135 123],145
[204 161 141 135 123 145],108
[161 141 135 123 145 108],108
[141 135 123 145 108 108],103
[135 123 145 108 108 103],134
[123 145 108 108 103 134],90
[145 108 108 103 134 90],104
[108 108 103 134 90 104],93
[108 103 134 90 104 93],98
[103 134 90 104 93 98],67
[134 90 104 93 98 67],59
[90 104 93 98 67 59],48
[104 93 98 67 59 48],59
[93 98 67 59 48 59],35
[98 67 59 48 59 35],38
[20 15 16 15 11 8],8
[15 16 15 11 8 8],5
[16 15 11 8 8 5],8
[15 11 8 8 5 8],6
[11 8 8 5 8 6],7
[8 8 5 8 6 7],10
[8 5 8 6 7 10],6
[5 8 6 7 10 6],5
[8 6 7 10 6 5],5
[6 7 10 6 5 5],8
[7 10 6 5 5 8],9
[10 6 5 5 8 9],11
[6 5 5 8 9 11],9
[5 5 8 9 11 9],15
[5 8 9 11 9 15],16
[8 9 11 9 15 16],31
[9 11 9 15 16 31],47
[11 9 15 16 31 47],47
[9 15 16 31 47 47],66
[15 16 31 47 47 66],115
[16 31 47 47 66 115],140
[31 47 47 66 115 140],153
[47 47 66 115 140 153],206
[47 66 115 140 153 206],259
[66 115 140 153 206 259],300
[115 140 153 206 259 300],371
[140 153 206 259 300 371],382
[153 206 259 300 371 382],405
[206 259 300 371 382 405],435
[259 300 371 382 405 435],343
[300 371 382 405 435 343],245
[371 382 405 435 343 245],261
[382 405 435 343 245 261],218
[405 435 343 245 261 218],173
[435 343 245 261 218 173],196
[343 245 261 218 173 196],199
[245 261 218 173 196 199],214
[261 218 173 196 199 214],138
[218 173 196 199 214 138],165
[173 196 199 214 138 165],176
[196 199 214 138 165 176],181
[199 214 138 165 176 181],184
[214 138 165 176 181 184],185
[138 165 176 181 184 185],164
[165 176 181 184 185 164],199
[176 181 184 185 164 199],187
[181 184 185 164 199 187],200
[184 185 164 199 187 200],179
[185 164 199 187 200 179],201
[164 199 187 200 179 201],186
[199 187 200 179 201 186],170
[187 200 179 201 186 170],214
[200 179 201 186 170 214],194
[179 201 186 170 214 194],207
[201 186 170 214 194 207],240
[186 170 214 194 207 240],251
[170 214 194 207 240 251],276
[214 194 207 240 251 276],244
[194 207 240 251 276 244],279
[207 240 251 276 244 279],282
[240 251 276 244 279 282],313
[251 276 244 279 282 313],288
[276 244 279 282 313 288],303
[244 279 282 313 288 303],338
[279 282 313 288 303 338],334
[282 313 288 303 338 334],333
[313 288 303 338 334 333],298
[288 303 338 334 333 298],286
[303 338 334 333 298 286],299
[338 334 333 298 286 299],251
[334 333 298 286 299 251],227
[333 298 286 299 251 227],172
[298 286 299 251 227 172],160
[286 299 251 227 172 160],133
[299 251 227 172 160 133],120
[251 227 172 160 133 120],106
[227 172 160 133 120 106],105
[172 160 133 120 106 105],96
[160 133 120 106 105 96],123
[133 120 106 105 96 123],122
[120 106 105 96 123 122],107
[106 105 96 123 122 107],119
[105 96 123 122 107 119],138
[96 123 122 107 119 138],99
[123 122 107 119 138 99],88
[122 107 119 138 99 88],105
[107 119 138 99 88 105],89
[119 138 99 88 105 89],58
[138 99 88 105 89 58],54
[99 88 105 89 58 54],42
[31 29 14 23 20 9],18
[29 14 23 20 9 18],5
[14 23 20 9 18 5],10
[23 20 9 18 5 10],7
[20 9 18 5 10 7],11
[9 18 5 10 7 11],14
[18 5 10 7 11 14],4
[5 10 7 11 14 4],5
[10 7 11 14 4 5],8
[7 11 14 4 5 8],4
[11 14 4 5 8 4],7
[14 4 5 8 4 7],13
[4 5 8 4 7 13],12
[5 8 4 7 13 12],11
[8 4 7 13 12 11],22
[4 7 13 12 11 22],26
[7 13 12 11 22 26],21
[13 12 11 22 26 21],43
[12 11 22 26 21 43],81
[11 22 26 21 43 81],122
[22 26 21 43 81 122],144
[26 21 43 81 122 144],173
[21 43 81 122 144 173],199
[43 81 122 144 173 199],245
[81 122 144 173 199 245],330
[122 144 173 199 245 330],360
[144 173 199 245 330 360],407
[173 199 245 330 360 407],416
[199 245 330 360 407 416],390
[245 330 360 407 416 390],358
[330 360 407 416 390 358],290
[360 407 416 390 358 290],212
[407 416 390 358 290 212],226
[416 390 358 290 212 226],173
[390 358 290 212 226 173],181
[358 290 212 226 173 181],192
[290 212 226 173 181 192],191
[212 226 173 181 192 191],202
[226 173 181 192 191 202],173
[173 181 192 191 202 173],177
[181 192 191 202 173 177],195
[192 191 202 173 177 195],199
[191 202 173 177 195 199],186
[202 173 177 195 199 186],211
[173 177 195 199 186 211],214
[177 195 199 186 211 214],188
[195 199 186 211 214 188],186
[199 186 211 214 188 186],192
[186 211 214 188 186 192],204
[211 214 188 186 192 204],183
[214 188 186 192 204 183],196
[188 186 192 204 183 196],174
[186 192 204 183 196 174],182
[192 204 183 196 174 182],199
[204 183 196 174 182 199],206
[183 196 174 182 199 206],273
[196 174 182 199 206 273],247
[174 182 199 206 273 247],266
[182 199 206 273 247 266],284
[199 206 273 247 266 284],297
[206 273 247 266 284 297],322
[273 247 266 284 297 322],301
[247 266 284 297 322 301],286
[266 284 297 322 301 286],365
[284 297 322 301 286 365],356
[297 322 301 286 365 356],371
[322 301 286 365 356 371],324
[301 286 365 356 371 324],323
[286 365 356 371 324 323],292
[365 356 371 324 323 292],222
[356 371 324 323 292 222],219
[371 324 323 292 222 219],171
[324 323 292 222 219 171],170
[323 292 222 219 171 170],145
[292 222 219 171 170 145],143
[222 219 171 170 145 143],97
[219 171 170 145 143 97],114
[171 170 145 143 97 114],132
[170 145 143 97 114 132],109
[145 143 97 114 132 109],139
[143 97 114 132 109 139],121
[97 114 132 109 139 121],112
[114 132 109 139 121 112],118
[132 109 139 121 112 118],112
[109 139 121 112 118 112],83
[139 121 112 118 112 83],103
[121 112 118 112 83 103],66
[112 118 112 83 103 66],67
[118 112 83 103 66 67],41
[112 83 103 66 67 41],47
[31 41 24 18 10 16],12
[41 24 18 10 16 12],19
[24 18 10 16 12 19],14
[18 10 16 12 19 14],10
[10 16 12 19 14 10],10
[16 12 19 14 10 10],10
[12 19 14 10 10 10],15
[19 14 10 10 10 15],19
[14 10 10 10 15 19],8
[10 10 10 15 19 8],4
[10 10 15 19 8 4],9
[10 15 19 8 4 9],6
[15 19 8 4 9 6],13
[19 8 4 9 6 13],16
[8 4 9 6 13 16],24
[4 9 6 13 16 24],21
[9 6 13 16 24 21],36
[6 13 16 24 21 36],52
[13 16 24 21 36 52],72
[16 24 21 36 52 72],122
[24 21 36 52 72 122],145
[21 36 52 72 122 145],160
[36 52 72 122 145 160],203
[52 72 122 145 160 203],241
[72 122 145 160 203 241],316
[122 145 160 203 241 316],360
[145 160 203 241 316 360],395
[160 203 241 316 360 395],443
[203 241 316 360 395 443],405
[241 316 360 395 443 405],345
[316 360 395 443 405 345],276
[360 395 443 405 345 276],231
[395 443 405 345 276 231],248
[443 405 345 276 231 248],117
[405 345 276 231 248 117],170
[345 276 231 248 117 170],194
[276 231 248 117 170 194],168
[231 248 117 170 194 168],190
[248 117 170 194 168 190],171
[117 170 194 168 190 171],168
[170 194 168 190 171 168],184
[194 168 190 171 168 184],206
[168 190 171 168 184 206],197
[190 171 168 184 206 197],185
[171 168 184 206 197 185],208
[168 184 206 197 185 208],176
[184 206 197 185 208 176],182
[206 197 185 208 176 182],215
[197 185 208 176 182 215],209
[185 208 176 182 215 209],207
[208 176 182 215 209 207],236
[176 182 215 209 207 236],192
[182 215 209 207 236 192],208
[215 209 207 236 192 208],190
[209 207 236 192 208 190],228
[207 236 192 208 190 228],293
[236 192 208 190 228 293],262
[192 208 190 228 293 262],278
[208 190 228 293 262 278],289
[190 228 293 262 278 289],335
[228 293 262 278 289 335],269
[293 262 278 289 335 269],288
[262 278 289 335 269 288],283
[278 289 335 269 288 283],352
[289 335 269 288 283 352],336
[335 269 288 283 352 336],336
[269 288 283 352 336 336],315
[288 283 352 336 336 315],326
[283 352 336 336 315 326],296
[352 336 336 315 326 296],222
[336 336 315 326 296 222],184
[336 315 326 296 222 184],226
[315 326 296 222 184 226],158
[326 296 222 184 226 158],137
[296 222 184 226 158 137],140
[222 184 226 158 137 140],156
[184 226 158 137 140 156],124
[226 158 137 140 156 124],127
[158 137 140 156 124 127],118
[137 140 156 124 127 118],137
[140 156 124 127 118 137],121
[156 124 127 118 137 121],110
[124 127 118 137 121 110],130
[127 118 137 121 110 130],94
[118 137 121 110 130 94],89
[137 121 110 130 94 89],101
[121 110 130 94 89 101],72
[110 130 94 89 101 72],65
[130 94 89 101 72 65],44
[94 89 101 72 65 44],42
[36 24 23 20 12 16],15
[24 23 20 12 16 15],11
[23 20 12 16 15 11],11
[20 12 16 15 11 11],11
[12 16 15 11 11 11],10
[16 15 11 11 11 10],6
[15 11 11 11 10 6],8
[11 11 11 10 6 8],11
[11 11 10 6 8 11],8
[11 10 6 8 11 8],9
[10 6 8 11 8 9],9
[6 8 11 8 9 9],11
[8 11 8 9 9 11],9
[11 8 9 9 11 9],15
[8 9 9 11 9 15],11
[9 9 11 9 15 11],23
[9 11 9 15 11 23],31
[11 9 15 11 23 31],69
[9 15 11 23 31 69],73
[15 11 23 31 69 73],129
[11 23 31 69 73 129],141
[23 31 69 73 129 141],164
[31 69 73 129 141 164],187
[69 73 129 141 164 187],226
[73 129 141 164 187 226],283
[129 141 164 187 226 283],350
[141 164 187 226 283 350],334
[164 187 226 283 350 334],393
[187 226 283 350 334 393],360
[226 283 350 334 393 360],334
[283 350 334 393 360 334],240
[350 334 393 360 334 240],237
[334 393 360 334 240 237],234
[393 360 334 240 237 234],173
[360 334 240 237 234 173],186
[334 240 237 234 173 186],206
[240 237 234 173 186 206],175
[237 234 173 186 206 175],203
[234 173 186 206 175 203],194
[173 186 206 175 203 194],181
[186 206 175 203 194 181],180
[206 175 203 194 181 180],189
[175 203 194 181 180 189],208
[203 194 181 180 189 208],223
[194 181 180 189 208 223],193
[181 180 189 208 223 193],201
[180 189 208 223 193 201],237
[189 208 223 193 201 237],210
[208 223 193 201 237 210],232
[223 193 201 237 210 232],244
[193 201 237 210 232 244],179
[201 237 210 232 244 179],200
[237 210 232 244 179 200],183
[210 232 244 179 200 183],233
[232 244 179 200 183 233],138
[244 179 200 183 233 138],369
[179 200 183 233 138 369],310
[200 183 233 138 369 310],271
[183 233 138 369 310 271],283
[233 138 369 310 271 283],290
[138 369 310 271 283 290],286
[369 310 271 283 290 286],288
[310 271 283 290 286 288],317
[271 283 290 286 288 317],423
[283 290 286 288 317 423],405
[290 286 288 317 423 405],333
[286 288 317 423 405 333],269
[288 317 423 405 333 269],283
[317 423 405 333 269 283],227
[423 405 333 269 283 227],237
[405 333 269 283 227 237],232
[333 269 283 227 237 232],195
[269 283 227 237 232 195],174
[283 227 237 232 195 174],162
[227 237 232 195 174 162],141
[237 232 195 174 162 141],122
[232 195 174 162 141 122],104
[195 174 162 141 122 104],121
[174 162 141 122 104 121],160
[162 141 122 104 121 160],192
[141 122 104 121 160 192],114
[122 104 121 160 192 114],96
[104 121 160 192 114 96],124
[121 160 192 114 96 124],105
[160 192 114 96 124 105],91
[192 114 96 124 105 91],97
[114 96 124 105 91 97],95
[96 124 105 91 97 95],100
[124 105 91 97 95 100],87
[105 91 97 95 100 87],82
[71 67 46 49 34 41],18
[67 46 49 34 41 18],20
[46 49 34 41 18 20],11
[49 34 41 18 20 11],16
[34 41 18 20 11 16],20
[41 18 20 11 16 20],13
[18 20 11 16 20 13],12
[20 11 16 20 13 12],18
[11 16 20 13 12 18],6
[16 20 13 12 18 6],9
[20 13 12 18 6 9],9
[13 12 18 6 9 9],10
[12 18 6 9 9 10],22
[18 6 9 9 10 22],13
[6 9 9 10 22 13],19
[9 9 10 22 13 19],22
[9 10 22 13 19 22],32
[10 22 13 19 22 32],32
[22 13 19 22 32 32],51
[13 19 22 32 32 51],48
[19 22 32 32 51 48],72
[22 32 32 51 48 72],59
[32 32 51 48 72 59],62
[32 51 48 72 59 62],64
[51 48 72 59 62 64],80
[48 72 59 62 64 80],112
[72 59 62 64 80 112],123
[59 62 64 80 112 123],135
[62 64 80 112 123 135],153
[64 80 112 123 135 153],175
[80 112 123 135 153 175],167
[112 123 135 153 175 167],149
[123 135 153 175 167 149],190
[135 153 175 167 149 190],188
[153 175 167 149 190 188],175
[175 167 149 190 188 175],185
[167 149 190 188 175 185],197
[149 190 188 175 185 197],192
[190 188 175 185 197 192],175
[188 175 185 197 192 175],223
[175 185 197 192 175 223],206
[185 197 192 175 223 206],151
[197 192 175 223 206 151],221
[192 175 223 206 151 221],249
[175 223 206 151 221 249],221
[223 206 151 221 249 221],214
[206 151 221 249 221 214],212
[151 221 249 221 214 212],247
[221 249 221 214 212 247],233
[249 221 214 212 247 233],216
[221 214 212 247 233 216],226
[214 212 247 233 216 226],198
[212 247 233 216 226 198],201
[247 233 216 226 198 201],194
[233 216 226 198 201 194],211
[216 226 198 201 194 211],220
[226 198 201 194 211 220],201
[198 201 194 211 220 201],223
[201 194 211 220 201 223],221
[194 211 220 201 223 221],185
[211 220 201 223 221 185],222
[220 201 223 221 185 222],232
[201 223 221 185 222 232],236
[223 221 185 222 232 236],217
[221 185 222 232 236 217],227
[185 222 232 236 217 227],251
[222 232 236 217 227 251],236
[232 236 217 227 251 236],201
[236 217 227 251 236 201],222
[217 227 251 236 201 222],191
[227 251 236 201 222 191],159
[251 236 201 222 191 159],143
[236 201 222 191 159 143],135
[201 222 191 159 143 135],109
[222 191 159 143 135 109],82
[191 159 143 135 109 82],113
[159 143 135 109 82 113],105
[143 135 109 82 113 105],105
[135 109 82 113 105 105],98
[109 82 113 105 105 98],98
[82 113 105 105 98 98],97
[113 105 105 98 98 97],80
[105 105 98 98 97 80],89
[105 98 98 97 80 89],95
[98 98 97 80 89 95],91
[98 97 80 89 95 91],108
[97 80 89 95 91 108],106
[80 89 95 91 108 106],106
[89 95 91 108 106 106],97
[95 91 108 106 106 97],106
[115 85 87 63 66 41],29
[85 87 63 66 41 29],36
[87 63 66 41 29 36],32
[63 66 41 29 36 32],26
[66 41 29 36 32 26],28
[41 29 36 32 26 28],17
[29 36 32 26 28 17],22
[36 32 26 28 17 22],23
[32 26 28 17 22 23],12
[26 28 17 22 23 12],16
[28 17 22 23 12 16],14
[17 22 23 12 16 14],16
[22 23 12 16 14 16],12
[23 12 16 14 16 12],11
[12 16 14 16 12 11],15
[16 14 16 12 11 15],21
[14 16 12 11 15 21],22
[16 12 11 15 21 22],24
[12 11 15 21 22 24],21
[11 15 21 22 24 21],28
[15 21 22 24 21 28],40
[21 22 24 21 28 40],43
[22 24 21 28 40 43],27
[24 21 28 40 43 27],53
[21 28 40 43 27 53],60
[28 40 43 27 53 60],69
[40 43 27 53 60 69],67
[43 27 53 60 69 67],69
[27 53 60 69 67 69],107
[53 60 69 67 69 107],79
[60 69 67 69 107 79],116
[69 67 69 107 79 116],120
[67 69 107 79 116 120],122
[69 107 79 116 120 122],136
[107 79 116 120 122 136],152
[79 116 120 122 136 152],163
[116 120 122 136 152 163],165
[120 122 136 152 163 165],178
[122 136 152 163 165 178],156
[136 152 163 165 178 156],162
[152 163 165 178 156 162],187
[163 165 178 156 162 187],182
[165 178 156 162 187 182],213
[178 156 162 187 182 213],227
[156 162 187 182 213 227],192
[162 187 182 213 227 192],201
[187 182 213 227 192 201],208
[182 213 227 192 201 208],208
[213 227 192 201 208 208],208
[227 192 201 208 208 208],191
[192 201 208 208 208 191],199
[201 208 208 208 191 199],182
[208 208 208 191 199 182],185
[208 208 191 199 182 185],187
[208 191 199 182 185 187],188
[191 199 182 185 187 188],182
[199 182 185 187 188 182],177
[182 185 187 188 182 177],182
[185 187 188 182 177 182],217
[187 188 182 177 182 217],188
[188 182 177 182 217 188],212
[182 177 182 217 188 212],200
[177 182 217 188 212 200],200
[182 217 188 212 200 200],206
[217 188 212 200 200 206],233
[188 212 200 200 206 233],217
[212 200 200 206 233 217],201
[200 200 206 233 217 201],173
[200 206 233 217 201 173],178
[206 233 217 201 173 178],145
[233 217 201 173 178 145],148
[217 201 173 178 145 148],147
[201 173 178 145 148 147],107
[173 178 145 148 147 107],106
[178 145 148 147 107 106],109
[145 148 147 107 106 109],95
[148 147 107 106 109 95],97
[147 107 106 109 95 97],82
[107 106 109 95 97 82],91
[106 109 95 97 82 91],121
[109 95 97 82 91 121],96
[95 97 82 91 121 96],78
[97 82 91 121 96 78],87
[82 91 121 96 78 87],77
[91 121 96 78 87 77],65
[121 96 78 87 77 65],53
[96 78 87 77 65 53],44
[78 87 77 65 53 44],46
[87 77 65 53 44 46],31
[77 65 53 44 46 31],17
[27 24 19 17 13 11],6
[24 19 17 13 11 6],5
[19 17 13 11 6 5],9
[17 13 11 6 5 9],6
[13 11 6 5 9 6],6
[11 6 5 9 6 6],6
[6 5 9 6 6 6],5
[5 9 6 6 6 5],8
[9 6 6 6 5 8],9
[6 6 6 5 8 9],4
[6 6 5 8 9 4],7
[6 5 8 9 4 7],9
[5 8 9 4 7 9],15
[8 9 4 7 9 15],11
[9 4 7 9 15 11],22
[4 7 9 15 11 22],19
[7 9 15 11 22 19],49
[9 15 11 22 19 49],57
[15 11 22 19 49 57],73
[11 22 19 49 57 73],120
[22 19 49 57 73 120],135
[19 49 57 73 120 135],162
[49 57 73 120 135 162],197
[57 73 120 135 162 197],237
[73 120 135 162 197 237],315
[120 135 162 197 237 315],348
[135 162 197 237 315 348],374
[162 197 237 315 348 374],414
[197 237 315 348 374 414],404
[237 315 348 374 414 404],306
[315 348 374 414 404 306],240
[348 374 414 404 306 240],230
[374 414 404 306 240 230],210
[414 404 306 240 230 210],173
[404 306 240 230 210 173],183
[306 240 230 210 173 183],188
[240 230 210 173 183 188],197
[230 210 173 183 188 197],179
[210 173 183 188 197 179],168
[173 183 188 197 179 168],203
[183 188 197 179 168 203],173
[188 197 179 168 203 173],175
[197 179 168 203 173 175],189
[179 168 203 173 175 189],197
[168 203 173 175 189 197],191
[203 173 175 189 197 191],176
[173 175 189 197 191 176],178
[175 189 197 191 176 178],212
[189 197 191 176 178 212],222
[197 191 176 178 212 222],194
[191 176 178 212 222 194],198
[176 178 212 222 194 198],193
[178 212 222 194 198 193],178
[212 222 194 198 193 178],204
[222 194 198 193 178 204],230
[194 198 193 178 204 230],248
[198 193 178 204 230 248],262
[193 178 204 230 248 262],286
[178 204 230 248 262 286],275
[204 230 248 262 286 275],252
[230 248 262 286 275 252],268
[248 262 286 275 252 268],290
[262 286 275 252 268 290],286
[286 275 252 268 290 286],326
[275 252 268 290 286 326],369
[252 268 290 286 326 369],333
[268 290 286 326 369 333],302
[290 286 326 369 333 302],273
[286 326 369 333 302 273],224
[326 369 333 302 273 224],198
[369 333 302 273 224 198],195
[333 302 273 224 198 195],142
[302 273 224 198 195 142],162
[273 224 198 195 142 162],115
[224 198 195 142 162 115],101
[198 195 142 162 115 101],101
[195 142 162 115 101 101],102
[142 162 115 101 101 102],110
[162 115 101 101 102 110],100
[115 101 101 102 110 100],99
[101 101 102 110 100 99],80
[101 102 110 100 99 80],94
[102 110 100 99 80 94],108
[110 100 99 80 94 108],77
[100 99 80 94 108 77],78
[99 80 94 108 77 78],59
[80 94 108 77 78 59],46
[94 108 77 78 59 46],39
[108 77 78 59 46 39],34
[77 78 59 46 39 34],23
[22 23 17 14 6 10],7
[23 17 14 6 10 7],9
[17 14 6 10 7 9],5
[14 6 10 7 9 5],8
[6 10 7 9 5 8],2
[10 7 9 5 8 2],6
[7 9 5 8 2 6],2
[9 5 8 2 6 2],2
[5 8 2 6 2 2],6
[8 2 6 2 2 6],5
[2 6 2 2 6 5],7
[6 2 2 6 5 7],7
[2 2 6 5 7 7],13
[2 6 5 7 7 13],22
[6 5 7 7 13 22],14
[5 7 7 13 22 14],15
[7 7 13 22 14 15],48
[7 13 22 14 15 48],46
[13 22 14 15 48 46],75
[22 14 15 48 46 75],124
[14 15 48 46 75 124],143
[15 48 46 75 124 143],147
[48 46 75 124 143 147],183
[46 75 124 143 147 183],231
[75 124 143 147 183 231],327
[124 143 147 183 231 327],374
[143 147 183 231 327 374],392
[147 183 231 327 374 392],432
[183 231 327 374 392 432],455
[231 327 374 392 432 455],342
[327 374 392 432 455 342],290
[374 392 432 455 342 290],237
[392 432 455 342 290 237],211
[432 455 342 290 237 211],211
[455 342 290 237 211 211],202
[342 290 237 211 211 202],177
[290 237 211 211 202 177],185
[237 211 211 202 177 185],204
[211 211 202 177 185 204],173
[211 202 177 185 204 173],171
[202 177 185 204 173 171],178
[177 185 204 173 171 178],194
[185 204 173 171 178 194],173
[204 173 171 178 194 173],212
[173 171 178 194 173 212],204
[171 178 194 173 212 204],174
[178 194 173 212 204 174],192
[194 173 212 204 174 192],181
[173 212 204 174 192 181],178
[212 204 174 192 181 178],178
[204 174 192 181 178 178],185
[174 192 181 178 178 185],206
[192 181 178 178 185 206],178
[181 178 178 185 206 178],175
[178 178 185 206 178 175],228
[178 185 206 178 175 228],251
[185 206 178 175 228 251],258
[206 178 175 228 251 258],236
[178 175 228 251 258 236],262
[175 228 251 258 236 262],292
[228 251 258 236 262 292],277
[251 258 236 262 292 277],289
[258 236 262 292 277 289],281
[236 262 292 277 289 281],318
[262 292 277 289 281 318],336
[292 277 289 281 318 336],331
[277 289 281 318 336 331],322
[289 281 318 336 331 322],291
[281 318 336 331 322 291],244
[318 336 331 322 291 244],203
[336 331 322 291 244 203],213
[331 322 291 244 203 213],189
[322 291 244 203 213 189],155
[291 244 203 213 189 155],122
[244 203 213 189 155 122],137
[203 213 189 155 122 137],119
[213 189 155 122 137 119],115
[189 155 122 137 119 115],107
[155 122 137 119 115 107],128
[122 137 119 115 107 128],125
[137 119 115 107 128 125],113
[119 115 107 128 125 113],101
[115 107 128 125 113 101],110
[107 128 125 113 101 110],98
[128 125 113 101 110 98],86
[125 113 101 110 98 86],88
[113 101 110 98 86 88],64
[101 110 98 86 88 64],47
[110 98 86 88 64 47],41
[98 86 88 64 47 41],40
[28 22 20 17 11 16],12
[22 20 17 11 16 12],11
[20 17 11 16 12 11],5
[17 11 16 12 11 5],9
[11 16 12 11 5 9],12
[16 12 11 5 9 12],9
[12 11 5 9 12 9],7
[11 5 9 12 9 7],6
[5 9 12 9 7 6],6
[9 12 9 7 6 6],4
[12 9 7 6 6 4],10
[9 7 6 6 4 10],10
[7 6 6 4 10 10],13
[6 6 4 10 10 13],15
[6 4 10 10 13 15],12
[4 10 10 13 15 12],21
[10 10 13 15 12 21],41
[10 13 15 12 21 41],46
[13 15 12 21 41 46],57
[15 12 21 41 46 57],99
[12 21 41 46 57 99],160
[21 41 46 57 99 160],163
[41 46 57 99 160 163],168
[46 57 99 160 163 168],223
[57 99 160 163 168 223],327
[99 160 163 168 223 327],361
[160 163 168 223 327 361],401
[163 168 223 327 361 401],383
[168 223 327 361 401 383],391
[223 327 361 401 383 391],370
[327 361 401 383 391 370],297
[361 401 383 391 370 297],221
[401 383 391 370 297 221],227
[383 391 370 297 221 227],212
[391 370 297 221 227 212],199
[370 297 221 227 212 199],177
[297 221 227 212 199 177],183
[221 227 212 199 177 183],138
[227 212 199 177 183 138],195
[212 199 177 183 138 195],160
[199 177 183 138 195 160],195
[177 183 138 195 160 195],210
[183 138 195 160 195 210],166
[138 195 160 195 210 166],200
[195 160 195 210 166 200],182
[160 195 210 166 200 182],174
[195 210 166 200 182 174],196
[210 166 200 182 174 196],197
[166 200 182 174 196 197],212
[200 182 174 196 197 212],167
[182 174 196 197 212 167],204
[174 196 197 212 167 204],194
[196 197 212 167 204 194],200
[197 212 167 204 194 200],207
[212 167 204 194 200 207],210
[167 204 194 200 207 210],262
[204 194 200 207 210 262],274
[194 200 207 210 262 274],263
[200 207 210 262 274 263],285
[207 210 262 274 263 285],321
[210 262 274 263 285 321],304
[262 274 263 285 321 304],287
[274 263 285 321 304 287],288
[263 285 321 304 287 288],332
[285 321 304 287 288 332],345
[321 304 287 288 332 345],350
[304 287 288 332 345 350],282
[287 288 332 345 350 282],263
[288 332 345 350 282 263],285
[332 345 350 282 263 285],224
[345 350 282 263 285 224],192
[350 282 263 285 224 192],179
[282 263 285 224 192 179],135
[263 285 224 192 179 135],133
[285 224 192 179 135 133],129
[224 192 179 135 133 129],132
[192 179 135 133 129 132],98
[179 135 133 129 132 98],119
[135 133 129 132 98 119],108
[133 129 132 98 119 108],145
[129 132 98 119 108 145],123
[132 98 119 108 145 123],130
[98 119 108 145 123 130],113
[119 108 145 123 130 113],100
[108 145 123 130 113 100],73
[145 123 130 113 100 73],70
[123 130 113 100 73 70],85
[130 113 100 73 70 85],49
[113 100 73 70 85 49],46
[100 73 70 85 49 46],26
[33 30 23 12 19 10],13
[30 23 12 19 10 13],5
[23 12 19 10 13 5],20
[12 19 10 13 5 20],22
[19 10 13 5 20 22],9
[10 13 5 20 22 9],7
[13 5 20 22 9 7],16
[5 20 22 9 7 16],8
[20 22 9 7 16 8],12
[22 9 7 16 8 12],5
[9 7 16 8 12 5],8
[7 16 8 12 5 8],10
[16 8 12 5 8 10],10
[8 12 5 8 10 10],12
[12 5 8 10 10 12],16
[5 8 10 10 12 16],20
[8 10 10 12 16 20],39
[10 10 12 16 20 39],58
[10 12 16 20 39 58],64
[12 16 20 39 58 64],115
[16 20 39 58 64 115],160
[20 39 58 64 115 160],160
[39 58 64 115 160 160],197
[58 64 115 160 160 197],230
[64 115 160 160 197 230],322
[115 160 160 197 230 322],372
[160 160 197 230 322 372],379
[160 197 230 322 372 379],410
[197 230 322 372 379 410],389
[230 322 372 379 410 389],385
[322 372 379 410 389 385],277
[372 379 410 389 385 277],226
[379 410 389 385 277 226],221
[410 389 385 277 226 221],213
[389 385 277 226 221 213],179
[385 277 226 221 213 179],186
[277 226 221 213 179 186],209
[226 221 213 179 186 209],138
[221 213 179 186 209 138],165
[213 179 186 209 138 165],198
[179 186 209 138 165 198],163
[186 209 138 165 198 163],185
[209 138 165 198 163 185],157
[138 165 198 163 185 157],183
[165 198 163 185 157 183],211
[198 163 185 157 183 211],187
[163 185 157 183 211 187],200
[185 157 183 211 187 200],194
[157 183 211 187 200 194],198
[183 211 187 200 194 198],222
[211 187 200 194 198 222],200
[187 200 194 198 222 200],206
[200 194 198 222 200 206],175
[194 198 222 200 206 175],220
[198 222 200 206 175 220],224
[222 200 206 175 220 224],305
[200 206 175 220 224 305],275
[206 175 220 224 305 275],270
[175 220 224 305 275 270],283
[220 224 305 275 270 283],288
[224 305 275 270 283 288],290
[305 275 270 283 288 290],246
[275 270 283 288 290 246],294
[270 283 288 290 246 294],364
[283 288 290 246 294 364],358
[288 290 246 294 364 358],341
[290 246 294 364 358 341],293
[246 294 364 358 341 293],300
[294 364 358 341 293 300],293
[364 358 341 293 300 293],283
[358 341 293 300 293 283],234
[341 293 300 293 283 234],227
[293 300 293 283 234 227],174
[300 293 283 234 227 174],141
[293 283 234 227 174 141],127
[283 234 227 174 141 127],114
[234 227 174 141 127 114],132
[227 174 141 127 114 132],142
[174 141 127 114 132 142],142
[141 127 114 132 142 142],138
[127 114 132 142 142 138],135
[114 132 142 142 138 135],98
[132 142 142 138 135 98],118
[142 142 138 135 98 118],102
[142 138 135 98 118 102],97
[138 135 98 118 102 97],85
[135 98 118 102 97 85],72
[98 118 102 97 85 72],54
[118 102 97 85 72 54],65
[102 97 85 72 54 65],51
[33 31 19 32 20 10],7
[31 19 32 20 10 7],11
[19 32 20 10 7 11],10
[32 20 10 7 11 10],11
[20 10 7 11 10 11],7
[10 7 11 10 11 7],5
[7 11 10 11 7 5],9
[11 10 11 7 5 9],12
[10 11 7 5 9 12],9
[11 7 5 9 12 9],11
[7 5 9 12 9 11],8
[5 9 12 9 11 8],13
[9 12 9 11 8 13],17
[12 9 11 8 13 17],9
[9 11 8 13 17 9],20
[11 8 13 17 9 20],23
[8 13 17 9 20 23],45
[13 17 9 20 23 45],53
[17 9 20 23 45 53],67
[9 20 23 45 53 67],123
[20 23 45 53 67 123],151
[23 45 53 67 123 151],139
[45 53 67 123 151 139],187
[53 67 123 151 139 187],211
[67 123 151 139 187 211],277
[123 151 139 187 211 277],357
[151 139 187 211 277 357],352
[139 187 211 277 357 352],425
[187 211 277 357 352 425],365
[211 277 357 352 425 365],380
[277 357 352 425 365 380],254
[357 352 425 365 380 254],203
[352 425 365 380 254 203],231
[425 365 380 254 203 231],208
[365 380 254 203 231 208],213
[380 254 203 231 208 213],181
[254 203 231 208 213 181],191
[203 231 208 213 181 191],204
[231 208 213 181 191 204],201
[208 213 181 191 204 201],175
[213 181 191 204 201 175],194
[181 191 204 201 175 194],214
[191 204 201 175 194 214],181
[204 201 175 194 214 181],183
[201 175 194 214 181 183],229
[175 194 214 181 183 229],176
[194 214 181 183 229 176],207
[214 181 183 229 176 207],233
[181 183 229 176 207 233],216
[183 229 176 207 233 216],194
[229 176 207 233 216 194],199
[176 207 233 216 194 199],220
[207 233 216 194 199 220],221
[233 216 194 199 220 221],206
[216 194 199 220 221 206],254
[194 199 220 221 206 254],254
[199 220 221 206 254 254],274
[220 221 206 254 254 274],278
[221 206 254 254 274 278],298
[206 254 254 274 278 298],292
[254 254 274 278 298 292],306
[254 274 278 298 292 306],310
[274 278 298 292 306 310],314
[278 298 292 306 310 314],336
[298 292 306 310 314 336],367
[292 306 310 314 336 367],333
[306 310 314 336 367 333],315
[310 314 336 367 333 315],319
[314 336 367 333 315 319],257
[336 367 333 315 319 257],225
[367 333 315 319 257 225],181
[333 315 319 257 225 181],187
[315 319 257 225 181 187],148
[319 257 225 181 187 148],167
[257 225 181 187 148 167],120
[225 181 187 148 167 120],122
[181 187 148 167 120 122],107
[187 148 167 120 122 107],132
[148 167 120 122 107 132],78
[167 120 122 107 132 78],144
[120 122 107 132 78 144],123
[122 107 132 78 144 123],84
[107 132 78 144 123 84],99
[132 78 144 123 84 99],103
[78 144 123 84 99 103],93
[144 123 84 99 103 93],79
[123 84 99 103 93 79],101
[84 99 103 93 79 101],90
[99 103 93 79 101 90],78
[103 93 79 101 90 78],64
[60 69 54 45 32 39],25
[69 54 45 32 39 25],13
[54 45 32 39 25 13],17
[45 32 39 25 13 17],14
[32 39 25 13 17 14],22
[39 25 13 17 14 22],11
[25 13 17 14 22 11],14
[13 17 14 22 11 14],14
[17 14 22 11 14 14],12
[14 22 11 14 14 12],10
[22 11 14 14 12 10],19
[11 14 14 12 10 19],14
[14 14 12 10 19 14],8
[14 12 10 19 14 8],12
[12 10 19 14 8 12],21
[10 19 14 8 12 21],22
[19 14 8 12 21 22],24
[14 8 12 21 22 24],29
[8 12 21 22 24 29],42
[12 21 22 24 29 42],58
[21 22 24 29 42 58],74
[22 24 29 42 58 74],78
[24 29 42 58 74 78],51
[29 42 58 74 78 51],78
[42 58 74 78 51 78],86
[58 74 78 51 78 86],90
[74 78 51 78 86 90],102
[78 51 78 86 90 102],136
[51 78 86 90 102 136],178
[78 86 90 102 136 178],146
[86 90 102 136 178 146],177
[90 102 136 178 146 177],139
[102 136 178 146 177 139],133
[136 178 146 177 139 133],213
[178 146 177 139 133 213],183
[146 177 139 133 213 183],180
[177 139 133 213 183 180],194
[139 133 213 183 180 194],194
[133 213 183 180 194 194],190
[213 183 180 194 194 190],184
[183 180 194 194 190 184],206
[180 194 194 190 184 206],151
[194 194 190 184 206 151],214
[194 190 184 206 151 214],207
[190 184 206 151 214 207],253
[184 206 151 214 207 253],240
[206 151 214 207 253 240],236
[151 214 207 253 240 236],203
[214 207 253 240 236 203],198
[207 253 240 236 203 198],154
[253 240 236 203 198 154],211
[240 236 203 198 154 211],208
[236 203 198 154 211 208],212
[203 198 154 211 208 212],180
[198 154 211 208 212 180],201
[154 211 208 212 180 201],212
[211 208 212 180 201 212],213
[208 212 180 201 212 213],216
[212 180 201 212 213 216],249
[180 201 212 213 216 249],225
[201 212 213 216 249 225],207
[212 213 216 249 225 207],222
[213 216 249 225 207 222],197
[216 249 225 207 222 197],209
[249 225 207 222 197 209],248
[225 207 222 197 209 248],234
[207 222 197 209 248 234],214
[222 197 209 248 234 214],192
[197 209 248 234 214 192],193
[209 248 234 214 192 193],186
[248 234 214 192 193 186],166
[234 214 192 193 186 166],147
[214 192 193 186 166 147],142
[192 193 186 166 147 142],94
[193 186 166 147 142 94],120
[186 166 147 142 94 120],136
[166 147 142 94 120 136],93
[147 142 94 120 136 93],90
[142 94 120 136 93 90],96
[94 120 136 93 90 96],93
[120 136 93 90 96 93],79
[136 93 90 96 93 79],101
[93 90 96 93 79 101],121
[90 96 93 79 101 121],105
[96 93 79 101 121 105],117
[93 79 101 121 105 117],118
[79 101 121 105 117 118],131
[101 121 105 117 118 131],105
[121 105 117 118 131 105],101
[105 117 118 131 105 101],100
[98 107 69 82 55 40],35
[107 69 82 55 40 35],0
[69 82 55 40 35 0],0
[82 55 40 35 0 0],0
[55 40 35 0 0 0],0
[40 35 0 0 0 0],31
[35 0 0 0 0 31],36
[0 0 0 0 31 36],19
[0 0 0 31 36 19],26
[0 0 31 36 19 26],23
[0 31 36 19 26 23],16
[31 36 19 26 23 16],20
[36 19 26 23 16 20],19
[19 26 23 16 20 19],11
[26 23 16 20 19 11],19
[23 16 20 19 11 19],16
[16 20 19 11 19 16],11
[20 19 11 19 16 11],18
[19 11 19 16 11 18],21
[11 19 16 11 18 21],33
[19 16 11 18 21 33],46
[16 11 18 21 33 46],45
[11 18 21 33 46 45],37
[18 21 33 46 45 37],39
[21 33 46 45 37 39],49
[33 46 45 37 39 49],53
[46 45 37 39 49 53],53
[45 37 39 49 53 53],67
[37 39 49 53 53 67],72
[39 49 53 53 67 72],77
[49 53 53 67 72 77],93
[53 53 67 72 77 93],83
[53 67 72 77 93 83],125
[67 72 77 93 83 125],120
[72 77 93 83 125 120],129
[77 93 83 125 120 129],118
[93 83 125 120 129 118],135
[83 125 120 129 118 135],129
[125 120 129 118 135 129],140
[120 129 118 135 129 140],155
[129 118 135 129 140 155],173
[118 135 129 140 155 173],164
[135 129 140 155 173 164],189
[129 140 155 173 164 189],225
[140 155 173 164 189 225],197
[155 173 164 189 225 197],194
[173 164 189 225 197 194],216
[164 189 225 197 194 216],189
[189 225 197 194 216 189],211
[225 197 194 216 189 211],167
[197 194 216 189 211 167],183
[194 216 189 211 167 183],191
[216 189 211 167 183 191],185
[189 211 167 183 191 185],189
[211 167 183 191 185 189],196
[167 183 191 185 189 196],186
[183 191 185 189 196 186],204
[191 185 189 196 186 204],210
[185 189 196 186 204 210],194
[189 196 186 204 210 194],202
[196 186 204 210 194 202],233
[186 204 210 194 202 233],196
[204 210 194 202 233 196],212
[210 194 202 233 196 212],222
[194 202 233 196 212 222],230
[202 233 196 212 222 230],246
[233 196 212 222 230 246],197
[196 212 222 230 246 197],206
[212 222 230 246 197 206],154
[222 230 246 197 206 154],157
[230 246 197 206 154 157],163
[246 197 206 154 157 163],136
[197 206 154 157 163 136],127
[206 154 157 163 136 127],110
[154 157 163 136 127 110],92
[157 163 136 127 110 92],113
[163 136 127 110 92 113],103
[136 127 110 92 113 103],94
[127 110 92 113 103 94],92
[110 92 113 103 94 92],113
[92 113 103 94 92 113],95
[113 103 94 92 113 95],88
[103 94 92 113 95 88],95
[94 92 113 95 88 95],72
[92 113 95 88 95 72],75
[113 95 88 95 72 75],75
[95 88 95 72 75 75],64
[88 95 72 75 75 64],52
[95 72 75 75 64 52],44
[72 75 75 64 52 44],30
[27 32 15 13 20 11],12
[32 15 13 20 11 12],10
[15 13 20 11 12 10],8
[13 20 11 12 10 8],10
[20 11 12 10 8 10],9
[11 12 10 8 10 9],7
[12 10 8 10 9 7],3
[10 8 10 9 7 3],6
[8 10 9 7 3 6],7
[10 9 7 3 6 7],4
[9 7 3 6 7 4],9
[7 3 6 7 4 9],12
[3 6 7 4 9 12],11
[6 7 4 9 12 11],16
[7 4 9 12 11 16],14
[4 9 12 11 16 14],19
[9 12 11 16 14 19],41
[12 11 16 14 19 41],30
[11 16 14 19 41 30],58
[16 14 19 41 30 58],96
[14 19 41 30 58 96],138
[19 41 30 58 96 138],146
[41 30 58 96 138 146],161
[30 58 96 138 146 161],217
[58 96 138 146 161 217],277
[96 138 146 161 217 277],317
[138 146 161 217 277 317],358
[146 161 217 277 317 358],410
[161 217 277 317 358 410],411
[217 277 317 358 410 411],352
[277 317 358 410 411 352],294
[317 358 410 411 352 294],234
[358 410 411 352 294 234],183
[410 411 352 294 234 183],181
[411 352 294 234 183 181],183
[352 294 234 183 181 183],167
[294 234 183 181 183 167],204
[234 183 181 183 167 204],182
[183 181 183 167 204 182],135
[181 183 167 204 182 135],148
[183 167 204 182 135 148],157
[167 204 182 135 148 157],184
[204 182 135 148 157 184],158
[182 135 148 157 184 158],166
[135 148 157 184 158 166],178
[148 157 184 158 166 178],176
[157 184 158 166 178 176],188
[184 158 166 178 176 188],191
[158 166 178 176 188 191],209
[166 178 176 188 191 209],168
[178 176 188 191 209 168],196
[176 188 191 209 168 196],178
[188 191 209 168 196 178],197
[191 209 168 196 178 197],204
[209 168 196 178 197 204],217
[168 196 178 197 204 217],263
[196 178 197 204 217 263],279
[178 197 204 217 263 279],263
[197 204 217 263 279 263],280
[204 217 263 279 263 280],261
[217 263 279 263 280 261],275
[263 279 263 280 261 275],276
[279 263 280 261 275 276],306
[263 280 261 275 276 306],359
[280 261 275 276 306 359],329
[261 275 276 306 359 329],333
[275 276 306 359 329 333],329
[276 306 359 329 333 329],304
[306 359 329 333 329 304],258
[359 329 333 329 304 258],209
[329 333 329 304 258 209],201
[333 329 304 258 209 201],163
[329 304 258 209 201 163],138
[304 258 209 201 163 138],121
[258 209 201 163 138 121],129
[209 201 163 138 121 129],109
[201 163 138 121 129 109],109
[163 138 121 129 109 109],123
[138 121 129 109 109 123],85
[121 129 109 109 123 85],98
[129 109 109 123 85 98],85
[109 109 123 85 98 85],97
[109 123 85 98 85 97],104
[123 85 98 85 97 104],79
[85 98 85 97 104 79],78
[98 85 97 104 79 78],49
[85 97 104 79 78 49],64
[97 104 79 78 49 64],46
[104 79 78 49 64 46],30
[79 78 49 64 46 30],26
[25 22 12 12 16 10],10
[22 12 12 16 10 10],4
[12 12 16 10 10 4],7
[12 16 10 10 4 7],3
[16 10 10 4 7 3],12
[10 10 4 7 3 12],7
[10 4 7 3 12 7],8
[4 7 3 12 7 8],9
[7 3 12 7 8 9],5
[3 12 7 8 9 5],4
[12 7 8 9 5 4],9
[7 8 9 5 4 9],10
[8 9 5 4 9 10],12
[9 5 4 9 10 12],13
[5 4 9 10 12 13],14
[4 9 10 12 13 14],24
[9 10 12 13 14 24],36
[10 12 13 14 24 36],39
[12 13 14 24 36 39],64
[13 14 24 36 39 64],95
[14 24 36 39 64 95],158
[24 36 39 64 95 158],158
[36 39 64 95 158 158],215
[39 64 95 158 158 215],227
[64 95 158 158 215 227],298
[95 158 158 215 227 298],347
[158 158 215 227 298 347],355
[158 215 227 298 347 355],424
[215 227 298 347 355 424],421
[227 298 347 355 424 421],311
[298 347 355 424 421 311],252
[347 355 424 421 311 252],218
[355 424 421 311 252 218],204
[424 421 311 252 218 204],196
[421 311 252 218 204 196],194
[311 252 218 204 196 194],198
[252 218 204 196 194 198],189
[218 204 196 194 198 189],173
[204 196 194 198 189 173],189
[196 194 198 189 173 189],191
[194 198 189 173 189 191],196
[198 189 173 189 191 196],184
[189 173 189 191 196 184],175
[173 189 191 196 184 175],171
[189 191 196 184 175 171],181
[191 196 184 175 171 181],176
[196 184 175 171 181 176],203
[184 175 171 181 176 203],173
[175 171 181 176 203 173],208
[171 181 176 203 173 208],180
[181 176 203 173 208 180],194
[176 203 173 208 180 194],208
[203 173 208 180 194 208],195
[173 208 180 194 208 195],233
[208 180 194 208 195 233],233
[180 194 208 195 233 233],251
[194 208 195 233 233 251],294
[208 195 233 233 251 294],279
[195 233 233 251 294 279],272
[233 233 251 294 279 272],285
[233 251 294 279 272 285],268
[251 294 279 272 285 268],315
[294 279 272 285 268 315],301
[279 272 285 268 315 301],340
[272 285 268 315 301 340],309
[285 268 315 301 340 309],347
[268 315 301 340 309 347],324
[315 301 340 309 347 324],311
[301 340 309 347 324 311],274
[340 309 347 324 311 274],268
[309 347 324 311 274 268],209
[347 324 311 274 268 209],200
[324 311 274 268 209 200],141
[311 274 268 209 200 141],145
[274 268 209 200 141 145],123
[268 209 200 141 145 123],131
[209 200 141 145 123 131],134
[200 141 145 123 131 134],136
[141 145 123 131 134 136],126
[145 123 131 134 136 126],140
[123 131 134 136 126 140],95
[131 134 136 126 140 95],103
[134 136 126 140 95 103],115
[136 126 140 95 103 115],83
[126 140 95 103 115 83],83
[140 95 103 115 83 83],82
[95 103 115 83 83 82],51
[103 115 83 83 82 51],47
[115 83 83 82 51 47],38
[83 83 82 51 47 38],41
