,VFlow
0,86
1,83
2,52
3,58
4,59
5,44
6,31
7,37
8,30
9,24
10,16
11,24
12,25
13,25
14,15
15,6
16,21
17,17
18,15
19,15
20,16
21,21
22,27
23,21
24,25
25,32
26,61
27,48
28,56
29,66
30,77
31,79
32,67
33,93
34,103
35,130
36,154
37,149
38,210
39,229
40,250
41,246
42,266
43,254
44,300
45,275
46,322
47,292
48,315
49,314
50,308
51,280
52,357
53,298
54,281
55,289
56,345
57,297
58,233
59,227
60,273
61,225
62,265
63,257
64,233
65,244
66,259
67,264
68,265
69,253
70,243
71,210
72,216
73,202
74,177
75,169
76,167
77,136
78,131
79,128
80,118
81,121
82,87
83,113
84,142
85,112
86,114
87,97
88,97
89,66
90,81
91,50
92,59
93,47
94,29
95,34
96,32
97,28
98,17
99,11
100,7
101,11
102,6
103,15
104,11
105,12
106,6
107,9
108,1
109,4
110,11
111,9
112,11
113,16
114,22
115,14
116,28
117,26
118,57
119,57
120,70
121,136
122,221
123,196
124,239
125,366
126,355
127,400
128,401
129,400
130,395
131,367
132,315
133,308
134,302
135,306
136,245
137,286
138,279
139,275
140,227
141,234
142,236
143,239
144,320
145,254
146,242
147,261
148,251
149,290
150,254
151,256
152,283
153,226
154,276
155,271
156,281
157,285
158,306
159,301
160,327
161,340
162,294
163,326
164,277
165,382
166,320
167,377
168,259
169,298
170,218
171,190
172,186
173,172
174,161
175,158
176,134
177,141
178,119
179,142
180,103
181,108
182,111
183,102
184,107
185,114
186,80
187,60
188,62
189,48
190,44
191,26
192,26
193,32
194,21
195,14
196,10
197,12
198,13
199,10
200,9
201,7
202,8
203,5
204,5
205,6
206,11
207,12
208,8
209,11
210,13
211,10
212,23
213,37
214,64
215,95
216,90
217,183
218,219
219,251
220,302
221,307
222,410
223,351
224,411
225,408
226,405
227,372
228,330
229,366
230,360
231,317
232,312
233,289
234,293
235,299
236,293
237,273
238,264
239,264
240,290
241,260
242,286
243,272
244,274
245,270
246,259
247,313
248,281
249,347
250,280
251,266
252,347
253,277
254,328
255,318
256,357
257,347
258,381
259,288
260,358
261,338
262,365
263,369
264,296
265,335
266,269
267,232
268,211
269,198
270,176
271,163
272,155
273,140
274,135
275,129
276,139
277,146
278,130
279,132
280,114
281,86
282,93
283,90
284,73
285,57
286,29
287,40
288,32
289,22
290,28
291,13
292,16
293,8
294,14
295,10
296,8
297,8
298,7
299,6
300,8
301,2
302,7
303,10
304,8
305,14
306,16
307,12
308,24
309,37
310,62
311,84
312,82
313,166
314,230
315,235
316,256
317,336
318,316
319,392
320,374
321,392
322,417
323,380
324,376
325,328
326,324
327,338
328,282
329,272
330,290
331,340
332,301
333,288
334,258
335,272
336,319
337,315
338,251
339,281
340,294
341,301
342,300
343,288
344,282
345,260
346,247
347,252
348,320
349,300
350,264
351,329
352,359
353,345
354,270
355,338
356,308
357,340
358,377
359,335
360,352
361,290
362,258
363,281
364,237
365,203
366,167
367,165
368,133
369,163
370,135
371,141
372,137
373,158
374,115
375,113
376,132
377,101
378,113
379,90
380,78
381,66
382,52
383,44
384,40
385,39
386,21
387,11
388,16
389,9
390,15
391,15
392,9
393,6
394,9
395,4
396,4
397,1
398,11
399,9
400,17
401,13
402,16
403,15
404,23
405,35
406,58
407,79
408,81
409,139
410,238
411,235
412,235
413,328
414,344
415,315
416,359
417,434
418,375
419,365
420,356
421,362
422,328
423,330
424,327
425,276
426,311
427,281
428,303
429,324
430,285
431,301
432,331
433,296
434,302
435,299
436,290
437,281
438,308
439,294
440,303
441,296
442,265
443,306
444,312
445,322
446,343
447,317
448,397
449,385
450,388
451,324
452,348
453,361
454,372
455,396
456,315
457,334
458,309
459,271
460,251
461,262
462,228
463,196
464,176
465,152
466,146
467,167
468,122
469,150
470,171
471,120
472,116
473,113
474,99
475,91
476,61
477,55
478,49
479,36
480,36
481,30
482,27
483,13
484,19
485,16
486,21
487,18
488,18
489,8
490,1
491,9
492,10
493,8
494,10
495,11
496,13
497,11
498,16
499,14
500,20
501,35
502,52
503,63
504,96
505,172
506,230
507,251
508,275
509,283
510,382
511,344
512,392
513,395
514,351
515,394
516,358
517,337
518,348
519,331
520,299
521,310
522,332
523,317
524,328
525,294
526,318
527,332
528,311
529,337
530,319
531,271
532,288
533,346
534,289
535,330
536,303
537,324
538,307
539,322
540,331
541,353
542,345
543,342
544,337
545,361
546,319
547,319
548,350
549,376
550,392
551,339
552,357
553,348
554,324
555,327
556,279
557,267
558,281
559,214
560,172
561,152
562,157
563,154
564,137
565,152
566,141
567,137
568,135
569,136
570,108
571,120
572,115
573,102
574,74
575,78
576,62
577,66
578,57
579,45
580,45
581,27
582,36
583,29
584,29
585,22
586,19
587,19
588,15
589,31
590,17
591,25
592,17
593,26
594,21
595,23
596,19
597,31
598,38
599,43
600,49
601,86
602,108
603,107
604,93
605,120
606,139
607,199
608,174
609,206
610,261
611,296
612,292
613,283
614,307
615,320
616,273
617,340
618,365
619,333
620,350
621,366
622,377
623,367
624,371
625,373
626,398
627,344
628,371
629,300
630,368
631,378
632,322
633,346
634,302
635,260
636,262
637,283
638,312
639,264
640,285
641,292
642,273
643,239
644,229
645,286
646,268
647,331
648,287
649,262
650,283
651,244
652,219
653,222
654,206
655,179
656,156
657,157
658,137
659,125
660,126
661,139
662,119
663,153
664,133
665,109
666,140
667,121
668,123
669,115
670,107
671,127
672,116
673,86
674,81
675,65
676,65
677,51
678,38
679,36
680,37
681,18
682,27
683,18
684,15
685,15
686,13
687,20
688,14
689,17
690,13
691,14
692,15
693,19
694,20
695,25
696,38
697,47
698,87
699,101
700,81
701,87
702,87
703,93
704,93
705,123
706,121
707,146
708,162
709,198
710,262
711,250
712,237
713,255
714,264
715,300
716,294
717,328
718,296
719,361
720,317
721,376
722,346
723,338
724,280
725,347
726,295
727,321
728,302
729,293
730,276
731,270
732,297
733,297
734,254
735,306
736,246
737,263
738,275
739,246
740,289
741,243
742,279
743,235
744,199
745,232
746,173
747,159
748,172
749,142
750,163
751,139
752,128
753,111
754,119
755,132
756,109
757,116
758,112
759,92
760,96
761,82
762,80
763,64
764,64
765,48
766,48
767,43
768,23
769,28
770,15
771,20
772,11
773,14
774,13
775,13
776,7
777,7
778,7
779,9
780,3
781,1
782,7
783,7
784,10
785,8
786,20
787,12
788,27
789,33
790,54
791,63
792,77
793,141
794,246
795,233
796,252
797,351
798,356
799,371
800,369
801,427
802,389
803,368
804,377
805,348
806,286
807,284
808,285
809,260
810,279
811,256
812,288
813,253
814,284
815,274
816,268
817,267
818,282
819,282
820,249
821,264
822,340
823,242
824,261
825,284
826,278
827,275
828,283
829,320
830,289
831,285
832,332
833,355
834,313
835,301
836,304
837,382
838,339
839,347
840,308
841,309
842,240
843,207
844,179
845,201
846,142
847,160
848,127
849,124
850,127
851,131
852,125
853,113
854,97
855,107
856,111
857,98
858,83
859,69
860,57
861,50
862,25
863,36
864,27
865,27
866,16
867,20
868,13
869,13
870,11
871,10
872,7
873,8
874,5
875,3
876,7
877,3
878,6
879,10
880,11
881,11
882,15
883,12
884,22
885,38
886,64
887,60
888,96
889,160
890,252
891,249
892,283
893,354
894,362
895,391
896,372
897,417
898,381
899,396
900,399
901,353
902,315
903,324
904,324
905,289
906,282
907,304
908,296
909,305
910,278
911,287
912,301
913,275
914,303
915,311
916,265
917,294
918,258
919,277
920,308
921,273
922,301
923,305
924,318
925,342
926,347
927,302
928,344
929,359
930,325
931,271
932,339
933,342
934,363
935,353
936,323
937,304
938,261
939,207
940,219
941,181
942,206
943,188
944,158
945,159
946,136
947,133
948,164
949,147
950,150
951,131
952,124
953,111
954,112
955,103
956,66
957,50
958,49
959,36
960,38
961,35
962,15
963,20
964,14
965,14
966,6
967,6
968,17
969,15
970,11
971,5
972,7
973,7
974,10
975,12
976,8
977,9
978,15
979,16
980,18
981,43
982,66
983,71
984,89
985,151
986,242
987,257
988,281
989,329
990,350
991,384
992,363
993,360
994,425
995,416
996,338
997,339
998,330
999,334
1000,327
1001,290
1002,312
1003,275
1004,313
1005,286
1006,297
1007,299
1008,330
1009,295
1010,297
1011,234
1012,309
1013,282
1014,271
1015,240
1016,260
1017,261
1018,303
1019,279
1020,357
1021,295
1022,312
1023,351
1024,389
1025,375
1026,316
1027,341
1028,316
1029,387
1030,323
1031,360
1032,325
1033,294
1034,269
1035,265
1036,238
1037,221
1038,207
1039,160
1040,164
1041,160
1042,130
1043,154
1044,150
1045,141
1046,157
1047,140
1048,149
1049,126
1050,92
1051,87
1052,55
1053,62
1054,59
1055,46
1056,28
1057,26
1058,19
1059,15
1060,11
1061,13
1062,14
1063,13
1064,8
1065,6
1066,12
1067,10
1068,7
1069,4
1070,6
1071,10
1072,9
1073,12
1074,9
1075,21
1076,23
1077,40
1078,73
1079,69
1080,102
1081,163
1082,233
1083,268
1084,275
1085,305
1086,370
1087,352
1088,400
1089,371
1090,418
1091,336
1092,415
1093,374
1094,393
1095,363
1096,313
1097,324
1098,323
1099,319
1100,288
1101,336
1102,264
1103,293
1104,291
1105,316
1106,308
1107,287
1108,261
1109,238
1110,305
1111,258
1112,301
1113,315
1114,285
1115,288
1116,337
1117,253
1118,310
1119,334
1120,381
1121,380
1122,336
1123,315
1124,323
1125,352
1126,389
1127,376
1128,335
1129,287
1130,285
1131,268
1132,287
1133,244
1134,241
1135,169
1136,191
1137,165
1138,166
1139,175
1140,140
1141,143
1142,156
1143,117
1144,134
1145,115
1146,109
1147,85
1148,82
1149,49
1150,57
1151,37
1152,34
1153,37
1154,24
1155,33
1156,14
1157,13
1158,22
1159,14
1160,12
1161,24
1162,9
1163,9
1164,10
1165,9
1166,12
1167,10
1168,14
1169,12
1170,11
1171,18
1172,17
1173,38
1174,49
1175,65
1176,118
1177,143
1178,237
1179,229
1180,262
1181,331
1182,352
1183,377
1184,379
1185,385
1186,391
1187,354
1188,335
1189,328
1190,330
1191,324
1192,297
1193,326
1194,268
1195,316
1196,316
1197,273
1198,313
1199,299
1200,366
1201,297
1202,351
1203,307
1204,276
1205,309
1206,294
1207,305
1208,343
1209,266
1210,318
1211,348
1212,288
1213,346
1214,364
1215,309
1216,371
1217,417
1218,314
1219,315
1220,316
1221,309
1222,414
1223,347
1224,381
1225,355
1226,295
1227,299
1228,288
1229,297
1230,256
1231,229
1232,184
1233,157
1234,152
1235,145
1236,131
1237,153
1238,119
1239,128
1240,137
1241,117
1242,111
1243,123
1244,100
1245,92
1246,95
1247,80
1248,61
1249,58
1250,54
1251,62
1252,34
1253,32
1254,32
1255,28
1256,20
1257,26
1258,23
1259,18
1260,14
1261,14
1262,12
1263,17
1264,12
1265,19
1266,21
1267,20
1268,24
1269,35
1270,33
1271,39
1272,51
1273,56
1274,96
1275,93
1276,95
1277,106
1278,139
1279,151
1280,178
1281,213
1282,236
1283,255
1284,248
1285,258
1286,332
1287,304
1288,312
1289,315
1290,355
1291,340
1292,396
1293,365
1294,366
1295,341
1296,361
1297,414
1298,361
1299,397
1300,360
1301,383
1302,356
1303,368
1304,345
1305,329
1306,370
1307,301
1308,334
1309,308
1310,327
1311,255
1312,319
1313,300
1314,271
1315,230
1316,263
1317,287
1318,253
1319,298
1320,293
1321,256
1322,256
1323,256
1324,225
1325,212
1326,199
1327,181
1328,154
1329,143
1330,109
1331,127
1332,130
1333,110
1334,107
1335,127
1336,141
1337,107
1338,135
1339,130
1340,106
1341,101
1342,104
1343,102
1344,97
1345,86
1346,72
1347,74
1348,59
1349,44
1350,32
1351,32
1352,29
1353,31
1354,22
1355,27
1356,25
1357,14
1358,18
1359,17
1360,15
1361,22
1362,24
1363,11
1364,19
1365,23
1366,22
1367,32
1368,44
1369,56
1370,59
1371,69
1372,47
1373,70
1374,91
1375,73
1376,90
1377,109
1378,118
1379,126
1380,162
1381,211
1382,272
1383,290
1384,255
1385,224
1386,282
1387,268
1388,283
1389,292
1390,298
1391,318
1392,297
1393,325
1394,342
1395,360
1396,302
1397,303
1398,320
1399,318
1400,335
1401,309
1402,289
1403,311
1404,288
1405,320
1406,273
1407,315
1408,278
1409,252
1410,288
1411,260
1412,268
1413,242
1414,247
1415,200
1416,195
1417,243
1418,177
1419,174
1420,146
1421,155
1422,136
1423,27
1424,132
1425,110
1426,123
1427,121
1428,113
1429,124
1430,112
1431,94
1432,111
1433,93
1434,78
1435,47
1436,37
1437,49
1438,37
1439,41
1440,18
1441,18
1442,27
1443,12
1444,14
1445,14
1446,8
1447,8
1448,17
1449,8
1450,9
1451,6
1452,5
1453,1
1454,8
1455,14
1456,14
1457,7
1458,17
1459,15
1460,15
1461,35
1462,59
1463,76
1464,80
1465,142
1466,225
1467,239
1468,261
1469,315
1470,361
1471,394
1472,370
1473,450
1474,365
1475,405
1476,327
1477,305
1478,342
1479,284
1480,284
1481,239
1482,286
1483,216
1484,267
1485,286
1486,265
1487,254
1488,267
1489,300
1490,258
1491,263
1492,263
1493,284
1494,249
1495,297
1496,309
1497,268
1498,228
1499,319
1500,301
1501,286
1502,334
1503,325
1504,314
1505,385
1506,305
1507,287
1508,369
1509,336
1510,378
1511,332
1512,291
1513,278
1514,237
1515,245
1516,206
1517,181
1518,137
1519,144
1520,144
1521,142
1522,110
1523,131
1524,130
1525,123
1526,98
1527,116
1528,122
1529,107
1530,98
1531,91
1532,55
1533,48
1534,28
1535,31
1536,20
1537,20
1538,21
1539,16
1540,3
1541,9
1542,9
1543,11
1544,6
1545,7
1546,9
1547,5
1548,4
1549,6
1550,8
1551,7
1552,13
1553,10
1554,15
1555,14
1556,25
1557,36
1558,74
1559,74
1560,112
1561,172
1562,257
1563,241
1564,272
1565,349
1566,354
1567,381
1568,381
1569,414
1570,419
1571,374
1572,362
1573,313
1574,330
1575,324
1576,297
1577,278
1578,299
1579,269
1580,279
1581,260
1582,297
1583,307
1584,298
1585,294
1586,295
1587,251
1588,280
1589,280
1590,275
1591,274
1592,292
1593,310
1594,284
1595,288
1596,284
1597,301
1598,344
1599,352
1600,360
1601,349
1602,331
1603,306
1604,325
1605,282
1606,368
1607,353
1608,278
1609,328
1610,267
1611,224
1612,238
1613,221
1614,180
1615,174
1616,161
1617,156
1618,145
1619,127
1620,135
1621,138
1622,106
1623,133
1624,120
1625,104
1626,103
1627,82
1628,83
1629,62
1630,53
1631,49
1632,39
1633,28
1634,20
1635,17
1636,16
1637,15
1638,17
1639,10
1640,7
1641,11
1642,10
1643,11
1644,7
1645,2
1646,9
1647,14
1648,6
1649,8
1650,16
1651,23
1652,18
1653,39
1654,55
1655,83
1656,93
1657,163
1658,247
1659,265
1660,292
1661,329
1662,371
1663,367
1664,385
1665,413
1666,360
1667,425
1668,345
1669,358
1670,343
1671,308
1672,301
1673,291
1674,277
1675,298
1676,283
1677,303
1678,282
1679,310
1680,299
1681,271
1682,276
1683,219
1684,300
1685,270
1686,305
1687,316
1688,265
1689,297
1690,302
1691,296
1692,284
1693,301
1694,320
1695,303
1696,345
1697,381
1698,301
1699,296
1700,353
1701,319
1702,386
1703,311
1704,296
1705,308
1706,262
1707,256
1708,213
1709,233
1710,184
1711,179
1712,176
1713,146
1714,128
1715,126
1716,155
1717,165
1718,121
1719,163
1720,151
1721,120
1722,101
1723,96
1724,73
1725,48
1726,44
1727,44
1728,29
1729,31
1730,24
1731,20
1732,13
1733,12
1734,6
1735,12
1736,14
1737,8
1738,5
1739,11
1740,3
1741,6
1742,7
1743,12
1744,14
1745,8
1746,16
1747,16
1748,19
1749,35
1750,73
1751,79
1752,102
1753,162
1754,242
1755,272
1756,252
1757,310
1758,329
1759,270
1760,261
1761,276
1762,284
1763,314
1764,317
1765,389
1766,399
1767,331
1768,297
1769,277
1770,337
1771,319
1772,337
1773,290
1774,277
1775,289
1776,294
1777,353
1778,283
1779,295
1780,323
1781,278
1782,305
1783,302
1784,304
1785,291
1786,283
1787,303
1788,316
1789,332
1790,334
1791,352
1792,341
1793,378
1794,321
1795,349
1796,313
1797,412
1798,385
1799,338
1800,350
1801,291
1802,304
1803,279
1804,255
1805,253
1806,221
1807,197
1808,182
1809,160
1810,147
1811,134
1812,158
1813,134
1814,164
1815,112
1816,118
1817,117
1818,96
1819,81
1820,76
1821,58
1822,48
1823,59
1824,50
1825,39
1826,16
1827,19
1828,23
1829,13
1830,20
1831,16
1832,13
1833,12
1834,9
1835,5
1836,14
1837,10
1838,17
1839,17
1840,14
1841,14
1842,17
1843,19
1844,18
1845,48
1846,73
1847,94
1848,87
1849,157
1850,248
1851,239
1852,238
1853,317
1854,378
1855,332
1856,373
1857,442
1858,388
1859,370
1860,292
1861,346
1862,322
1863,346
1864,294
1865,287
1866,308
1867,315
1868,288
1869,305
1870,348
1871,356
1872,316
1873,350
1874,319
1875,308
1876,307
1877,306
1878,336
1879,299
1880,364
1881,334
1882,324
1883,322
1884,363
1885,313
1886,342
1887,351
1888,368
1889,361
1890,403
1891,309
1892,405
1893,357
1894,363
1895,338
1896,323
1897,357
1898,306
1899,254
1900,219
1901,261
1902,236
1903,239
1904,178
1905,177
1906,161
1907,128
1908,153
1909,153
1910,123
1911,130
1912,126
1913,133
1914,125
1915,95
1916,101
1917,98
1918,100
1919,74
1920,64
1921,59
1922,43
1923,43
1924,32
1925,33
1926,29
1927,31
1928,27
1929,15
1930,24
1931,16
1932,19
1933,9
1934,15
1935,16
1936,20
1937,13
1938,20
1939,16
1940,23
1941,30
1942,39
1943,39
1944,48
1945,66
1946,100
1947,89
1948,98
1949,114
1950,128
1951,169
1952,201
1953,215
1954,254
1955,263
1956,270
1957,295
1958,326
1959,327
1960,292
1961,325
1962,365
1963,359
1964,332
1965,388
1966,358
1967,343
1968,350
1969,397
1970,331
1971,386
1972,373
1973,357
1974,343
1975,373
1976,387
1977,337
1978,370
1979,309
1980,325
1981,305
1982,280
1983,276
1984,274
1985,266
1986,273
1987,247
1988,236
1989,278
1990,271
1991,281
1992,255
1993,254
1994,243
1995,218
1996,208
1997,205
1998,211
1999,182
2000,162
2001,142
2002,133
2003,152
2004,138
2005,120
2006,120
2007,117
2008,122
2009,89
2010,119
2011,130
2012,140
2013,122
2014,134
2015,109
2016,107
2017,100
2018,71
2019,70
2020,60
2021,61
2022,34
2023,29
2024,42
2025,35
2026,29
2027,25
2028,23
2029,17
2030,26
2031,16
2032,17
2033,11
2034,8
2035,15
2036,9
2037,18
2038,17
2039,24
2040,35
2041,34
2042,71
2043,66
2044,53
2045,68
2046,76
2047,66
2048,77
2049,102
2050,136
2051,149
2052,143
2053,158
2054,244
2055,279
2056,258
2057,241
2058,266
2059,271
2060,310
2061,307
2062,291
2063,310
2064,279
2065,302
2066,340
2067,309
2068,346
2069,341
2070,332
2071,392
2072,279
2073,338
2074,316
2075,306
2076,294
2077,327
2078,293
2079,286
2080,270
2081,254
2082,260
2083,289
2084,292
2085,287
2086,227
2087,236
2088,221
2089,202
2090,210
2091,196
2092,160
2093,172
2094,148
2095,151
2096,145
2097,138
2098,106
2099,125
2100,125
2101,112
2102,102
2103,105
2104,108
2105,99
2106,76
2107,65
2108,56
2109,49
2110,47
2111,28
2112,33
2113,28
2114,17
2115,12
2116,15
2117,9
2118,9
2119,11
2120,13
2121,5
2122,8
2123,6
2124,10
2125,9
2126,4
2127,11
2128,17
2129,13
2130,16
2131,11
2132,20
2133,51
2134,51
2135,64
2136,93
2137,129
2138,228
2139,226
2140,275
2141,314
2142,304
2143,422
2144,386
2145,426
2146,369
2147,347
2148,304
2149,302
2150,310
2151,268
2152,268
2153,247
2154,273
2155,276
2156,271
2157,257
2158,266
2159,283
2160,282
2161,270
2162,296
2163,249
2164,250
2165,279
2166,269
2167,278
2168,262
2169,266
2170,247
2171,290
2172,259
2173,254
2174,305
2175,301
2176,306
2177,354
2178,284
2179,319
2180,302
2181,369
2182,354
2183,303
2184,292
2185,272
2186,237
2187,226
2188,193
2189,207
2190,163
2191,133
2192,161
2193,126
2194,116
2195,109
2196,128
2197,124
2198,111
2199,134
2200,96
2201,91
2202,79
2203,74
2204,64
2205,37
2206,35
2207,37
2208,25
2209,27
2210,25
2211,11
2212,11
2213,12
2214,11
2215,11
2216,13
2217,8
2218,10
2219,5
2220,5
2221,4
2222,7
2223,7
2224,19
2225,12
2226,20
2227,15
2228,24
2229,39
2230,63
2231,68
2232,98
2233,158
2234,251
2235,223
2236,287
2237,354
2238,362
2239,360
2240,406
2241,405
2242,362
2243,289
2244,344
2245,386
2246,331
2247,318
2248,285
2249,319
2250,287
2251,274
2252,254
2253,287
2254,279
2255,235
2256,240
2257,323
2258,281
2259,270
2260,239
2261,274
2262,278
2263,289
2264,283
2265,258
2266,282
2267,257
2268,275
2269,284
2270,286
2271,254
2272,313
2273,307
2274,301
2275,307
2276,312
2277,348
2278,350
2279,319
2280,318
2281,286
2282,231
2283,241
2284,206
2285,226
2286,184
2287,159
2288,135
2289,151
2290,151
2291,145
2292,126
2293,141
2294,135
2295,126
2296,122
2297,125
2298,106
2299,101
2300,65
2301,52
2302,47
2303,36
2304,32
2305,33
2306,25
2307,18
2308,11
2309,9
2310,16
2311,11
2312,9
2313,11
2314,11
2315,4
2316,11
2317,7
2318,6
2319,8
2320,10
2321,14
2322,15
2323,13
2324,29
2325,49
2326,66
2327,74
2328,97
2329,158
2330,242
2331,274
2332,251
2333,337
2334,421
2335,326
2336,419
2337,373
2338,322
2339,365
2340,288
2341,382
2342,350
2343,301
2344,283
2345,267
2346,303
2347,298
2348,283
2349,315
2350,286
2351,293
2352,287
2353,264
2354,322
2355,249
2356,288
2357,272
2358,278
2359,284
2360,294
2361,297
2362,287
2363,311
2364,299
2365,292
2366,335
2367,325
2368,344
2369,375
2370,273
2371,339
2372,330
2373,364
2374,331
2375,355
2376,331
2377,299
2378,273
2379,240
2380,287
2381,210
2382,177
2383,219
2384,156
2385,132
2386,135
2387,137
2388,131
2389,118
2390,124
2391,128
2392,132
2393,127
2394,87
2395,92
2396,54
2397,67
2398,61
2399,32
2400,40
2401,36
2402,22
2403,21
2404,19
2405,12
2406,15
2407,15
2408,7
2409,9
2410,4
2411,6
2412,4
2413,5
2414,6
2415,10
2416,11
2417,9
2418,19
2419,18
2420,25
2421,39
2422,69
2423,74
2424,107
2425,178
2426,232
2427,257
2428,271
2429,360
2430,378
2431,349
2432,435
2433,350
2434,423
2435,357
2436,327
2437,364
2438,301
2439,293
2440,307
2441,295
2442,313
2443,317
2444,277
2445,272
2446,334
2447,285
2448,281
2449,308
2450,298
2451,268
2452,276
2453,308
2454,319
2455,253
2456,293
2457,245
2458,289
2459,274
2460,305
2461,286
2462,326
2463,327
2464,375
2465,320
2466,355
2467,328
2468,380
2469,346
2470,351
2471,438
2472,334
2473,344
2474,303
2475,253
2476,249
2477,303
2478,227
2479,229
2480,186
2481,166
2482,160
2483,140
2484,121
2485,131
2486,203
2487,197
2488,132
2489,120
2490,113
2491,86
2492,67
2493,73
2494,37
2495,48
2496,30
2497,31
2498,16
2499,16
2500,20
2501,13
2502,22
2503,16
2504,10
2505,15
2506,14
2507,5
2508,11
2509,8
2510,18
2511,7
2512,12
2513,17
2514,10
2515,26
2516,25
2517,44
2518,69
2519,64
2520,100
2521,154
2522,246
2523,237
2524,289
2525,338
2526,360
2527,368
2528,417
2529,390
2530,404
2531,386
2532,364
2533,346
2534,330
2535,322
2536,276
2537,281
2538,298
2539,327
2540,288
2541,293
2542,295
2543,294
2544,307
2545,299
2546,271
2547,299
2548,332
2549,308
2550,321
2551,272
2552,309
2553,305
2554,277
2555,289
2556,342
2557,337
2558,299
2559,335
2560,325
2561,388
2562,318
2563,352
2564,337
2565,374
2566,355
2567,330
2568,388
2569,326
2570,350
2571,311
2572,281
2573,246
2574,249
2575,219
2576,197
2577,151
2578,131
2579,148
2580,135
2581,131
2582,136
2583,135
2584,119
2585,101
2586,131
2587,110
2588,124
2589,93
2590,94
2591,80
2592,67
2593,57
2594,44
2595,47
2596,34
2597,29
2598,27
2599,16
2600,28
2601,24
2602,20
2603,16
2604,14
2605,11
2606,9
2607,11
2608,23
2609,14
2610,23
2611,24
2612,22
2613,26
2614,45
2615,44
2616,32
2617,69
2618,78
2619,73
2620,99
2621,99
2622,127
2623,158
2624,182
2625,216
2626,255
2627,267
2628,258
2629,261
2630,286
2631,294
2632,319
2633,339
2634,353
2635,352
2636,370
2637,348
2638,396
2639,346
2640,384
2641,391
2642,331
2643,396
2644,364
2645,406
2646,329
2647,388
2648,394
2649,376
2650,337
2651,327
2652,305
2653,306
2654,297
2655,323
2656,297
2657,313
2658,300
2659,271
2660,269
2661,267
2662,271
2663,285
2664,231
2665,247
2666,260
2667,241
2668,217
2669,237
2670,225
2671,180
2672,182
2673,181
2674,153
2675,139
2676,132
2677,126
2678,124
2679,123
2680,131
2681,110
2682,125
2683,102
2684,131
2685,123
2686,126
2687,98
2688,94
2689,103
2690,102
2691,82
2692,47
2693,53
2694,36
2695,0
2696,0
2697,0
2698,0
2699,34
2700,32
2701,38
2702,35
2703,25
2704,28
2705,24
2706,31
2707,17
2708,30
2709,32
2710,16
2711,20
2712,31
2713,46
2714,49
2715,53
2716,49
2717,57
2718,74
2719,75
2720,81
2721,79
2722,87
2723,119
2724,119
2725,149
2726,178
2727,236
2728,194
2729,203
2730,232
2731,272
2732,287
2733,282
2734,316
2735,280
2736,308
2737,314
2738,354
2739,340
2740,303
2741,345
2742,321
2743,316
2744,297
2745,331
2746,354
2747,330
2748,323
2749,330
2750,348
2751,318
2752,298
2753,346
2754,301
2755,266
2756,257
2757,250
2758,267
2759,233
2760,252
2761,267
2762,214
2763,205
2764,195
2765,154
2766,147
2767,155
2768,143
2769,120
2770,132
2771,151
2772,153
2773,132
2774,129
2775,115
2776,97
2777,105
2778,82
2779,66
2780,72
2781,39
2782,52
2783,48
2784,44
2785,37
2786,24
2787,20
2788,19
2789,15
2790,12
2791,16
2792,13
2793,9
2794,11
2795,7
2796,2
2797,7
2798,8
2799,13
2800,8
2801,17
2802,16
2803,24
2804,23
2805,36
2806,64
2807,67
2808,75
2809,121
2810,231
2811,215
2812,245
2813,312
2814,365
2815,366
2816,375
2817,375
2818,385
2819,375
2820,397
2821,323
2822,270
2823,297
2824,272
2825,273
2826,271
2827,234
2828,271
2829,275
2830,274
2831,254
2832,262
2833,281
2834,282
2835,261
2836,251
2837,241
2838,310
2839,280
2840,319
2841,261
2842,234
2843,220
2844,270
2845,289
2846,313
2847,319
2848,317
2849,333
2850,303
2851,302
2852,331
2853,355
2854,357
2855,376
2856,319
2857,257
2858,258
2859,236
2860,189
2861,196
2862,169
2863,158
2864,159
2865,149
2866,126
2867,141
2868,131
2869,109
2870,104
2871,125
2872,120
2873,77
2874,77
2875,70
2876,62
2877,45
2878,39
2879,27
2880,35
2881,27
2882,26
2883,19
2884,10
2885,13
2886,10
2887,11
2888,14
2889,11
2890,7
2891,8
2892,6
2893,13
2894,14
2895,5
2896,18
2897,6
2898,13
2899,14
2900,31
2901,31
2902,63
2903,68
2904,78
2905,161
2906,226
2907,238
2908,245
2909,340
2910,362
2911,325
2912,383
2913,396
2914,431
2915,372
2916,346
2917,329
2918,322
2919,341
2920,260
2921,304
2922,310
2923,284
2924,286
2925,311
2926,272
2927,256
2928,287
2929,260
2930,260
2931,299
2932,300
2933,277
2934,307
2935,283
2936,291
2937,241
2938,284
2939,284
2940,275
2941,312
2942,336
2943,327
2944,367
2945,397
2946,314
2947,354
2948,331
2949,313
2950,375
2951,323
2952,334
2953,258
2954,222
2955,254
2956,221
2957,234
2958,188
2959,175
2960,147
2961,162
2962,143
2963,139
2964,166
2965,156
2966,131
2967,123
2968,146
2969,120
2970,84
2971,79
2972,71
2973,55
2974,45
2975,33
2976,37
2977,30
2978,26
2979,29
2980,14
2981,20
2982,14
2983,10
2984,10
2985,8
2986,10
2987,7
2988,5
2989,14
2990,6
2991,10
2992,10
2993,6
2994,8
2995,7
2996,8
2997,4
2998,13
2999,14
3000,14
3001,16
3002,36
3003,22
3004,27
3005,21
3006,38
3007,53
3008,37
3009,46
3010,74
3011,69
3012,67
3013,73
3014,133
3015,117
3016,121
3017,129
3018,142
3019,112
3020,129
3021,164
3022,130
3023,139
3024,163
3025,141
3026,152
3027,149
3028,134
3029,155
3030,118
3031,124
3032,132
3033,108
3034,143
3035,122
3036,127
3037,126
3038,114
3039,121
3040,134
3041,140
3042,116
3043,146
3044,124
3045,157
3046,136
3047,153
3048,133
3049,138
3050,109
3051,96
3052,100
3053,62
3054,74
3055,72
3056,73
3057,44
3058,55
3059,43
3060,68
3061,48
3062,47
3063,30
3064,31
3065,35
3066,30
3067,31
3068,12
3069,14
3070,13
3071,13
3072,10
3073,10
3074,3
3075,5
3076,7
3077,4
3078,2
3079,3
3080,5
3081,2
3082,6
3083,1
3084,2
3085,7
3086,2
3087,3
3088,7
3089,10
3090,11
3091,9
3092,11
3093,17
3094,24
3095,28
3096,57
3097,89
3098,131
3099,190
3100,241
3101,331
3102,318
3103,370
3104,275
3105,271
3106,273
3107,294
3108,219
3109,172
3110,153
3111,134
3112,135
3113,122
3114,119
3115,114
3116,130
3117,106
3118,107
3119,122
3120,144
3121,122
3122,134
3123,126
3124,117
3125,131
3126,111
3127,109
3128,118
3129,111
3130,147
3131,135
3132,149
3133,135
3134,135
3135,145
3136,158
3137,137
3138,163
3139,144
3140,173
3141,174
3142,212
3143,177
3144,165
3145,173
3146,151
3147,133
3148,134
3149,103
3150,86
3151,83
3152,78
3153,64
3154,59
3155,54
3156,72
3157,37
3158,36
3159,45
3160,47
3161,31
3162,28
3163,30
3164,27
3165,18
3166,15
3167,8
3168,8
3169,5
3170,11
3171,6
3172,5
3173,1
3174,3
3175,6
3176,1
3177,3
3178,4
3179,2
3180,2
3181,4
3182,4
3183,3
3184,11
3185,4
3186,11
3187,15
3188,14
3189,20
3190,23
3191,55
3192,74
3193,104
3194,135
3195,210
3196,268
3197,340
3198,313
3199,389
3200,298
3201,239
3202,302
3203,272
3204,246
3205,207
3206,163
3207,157
3208,136
3209,142
3210,147
3211,132
3212,133
3213,143
3214,127
3215,123
3216,145
3217,134
3218,131
3219,119
3220,131
3221,110
3222,151
3223,112
3224,111
3225,179
3226,129
3227,124
3228,145
3229,188
3230,128
3231,147
3232,140
3233,171
3234,124
3235,171
3236,176
3237,213
3238,183
3239,171
3240,172
3241,144
3242,156
3243,149
3244,127
3245,120
3246,85
3247,90
3248,97
3249,68
3250,66
3251,60
3252,49
3253,66
3254,63
3255,48
3256,53
3257,42
3258,46
3259,36
3260,35
3261,20
3262,18
3263,13
3264,6
3265,12
3266,12
3267,7
3268,4
3269,2
3270,3
3271,6
3272,5
3273,6
3274,8
3275,2
3276,1
3277,4
3278,4
3279,5
3280,8
3281,8
3282,6
3283,7
3284,9
3285,24
3286,35
3287,49
3288,83
3289,111
3290,156
3291,216
3292,259
3293,295
3294,326
3295,303
3296,293
3297,247
3298,268
3299,290
3300,215
3301,191
3302,165
3303,163
3304,171
3305,136
3306,164
3307,126
3308,140
3309,139
3310,112
3311,108
3312,128
3313,103
3314,147
3315,114
3316,114
3317,103
3318,119
3319,119
3320,109
3321,110
3322,137
3323,121
3324,127
3325,162
3326,138
3327,160
3328,147
3329,163
3330,161
3331,165
3332,170
3333,192
3334,183
3335,207
3336,157
3337,161
3338,164
3339,141
3340,121
3341,134
3342,104
3343,93
3344,63
3345,67
3346,72
3347,77
3348,48
3349,64
3350,46
3351,51
3352,48
3353,44
3354,33
3355,33
3356,36
3357,20
3358,23
3359,8
3360,10
3361,13
3362,14
3363,9
3364,6
3365,7
3366,4
3367,5
3368,0
3369,5
3370,2
3371,4
3372,3
3373,4
3374,2
3375,2
3376,12
3377,7
3378,9
3379,11
3380,21
3381,19
3382,26
3383,45
3384,69
3385,113
3386,128
3387,179
3388,231
3389,308
3390,385
3391,332
3392,288
3393,269
3394,305
3395,113
3396,224
3397,209
3398,160
3399,174
3400,122
3401,142
3402,134
3403,132
3404,125
3405,146
3406,139
3407,143
3408,118
3409,123
3410,122
3411,104
3412,155
3413,145
3414,134
3415,127
3416,129
3417,142
3418,133
3419,131
3420,128
3421,165
3422,148
3423,138
3424,144
3425,166
3426,157
3427,161
3428,148
3429,200
3430,191
3431,177
3432,193
3433,179
3434,164
3435,157
3436,132
3437,132
3438,90
3439,94
3440,75
3441,78
3442,77
3443,94
3444,61
3445,72
3446,56
3447,60
3448,64
3449,55
3450,47
3451,62
3452,34
3453,25
3454,21
3455,18
3456,9
3457,13
3458,6
3459,1
3460,5
3461,4
3462,2
3463,5
3464,6
3465,3
3466,4
3467,4
3468,3
3469,6
3470,6
3471,4
3472,10
3473,3
3474,9
3475,10
3476,16
3477,18
3478,26
3479,50
3480,76
3481,106
3482,135
3483,173
3484,227
3485,340
3486,343
3487,367
3488,257
3489,248
3490,253
3491,290
3492,187
3493,200
3494,183
3495,163
3496,140
3497,158
3498,157
3499,127
3500,132
3501,120
3502,150
3503,132
3504,116
3505,129
3506,141
3507,124
3508,138
3509,109
3510,147
3511,123
3512,124
3513,129
3514,132
3515,165
3516,155
3517,163
3518,144
3519,173
3520,181
3521,160
3522,131
3523,170
3524,171
3525,178
3526,183
3527,201
3528,176
3529,147
3530,168
3531,141
3532,124
3533,124
3534,125
3535,104
3536,83
3537,65
3538,73
3539,72
3540,69
3541,63
3542,60
3543,44
3544,57
3545,62
3546,47
3547,30
3548,31
3549,40
3550,23
3551,43
3552,27
3553,13
3554,18
3555,16
3556,14
3557,19
3558,12
3559,7
3560,12
3561,6
3562,13
3563,13
3564,6
3565,5
3566,7
3567,6
3568,7
3569,5
3570,3
3571,8
3572,9
3573,13
3574,16
3575,21
3576,19
3577,40
3578,45
3579,47
3580,43
3581,52
3582,60
3583,88
3584,82
3585,108
3586,136
3587,145
3588,170
3589,182
3590,137
3591,164
3592,219
3593,144
3594,173
3595,193
3596,208
3597,158
3598,150
3599,238
3600,157
3601,179
3602,193
3603,186
3604,177
3605,195
3606,161
3607,136
3608,155
3609,193
3610,165
3611,158
3612,174
3613,155
3614,133
3615,171
3616,156
3617,160
3618,132
3619,179
3620,158
3621,153
3622,144
3623,179
3624,150
3625,199
3626,162
3627,155
3628,130
3629,123
3630,127
3631,90
3632,69
3633,55
3634,80
3635,58
3636,60
3637,63
3638,47
3639,57
3640,52
3641,33
3642,45
3643,47
3644,48
3645,59
3646,51
3647,50
3648,40
3649,36
3650,22
3651,16
3652,25
3653,28
3654,20
3655,14
3656,7
3657,15
3658,10
3659,6
3660,10
3661,12
3662,4
3663,6
3664,3
3665,6
3666,2
3667,8
3668,10
3669,12
3670,9
3671,18
3672,21
3673,26
3674,31
3675,39
3676,29
3677,33
3678,37
3679,59
3680,46
3681,70
3682,75
3683,85
3684,95
3685,98
3686,133
3687,126
3688,121
3689,131
3690,120
3691,128
3692,135
3693,126
3694,125
3695,143
3696,125
3697,153
3698,143
3699,133
3700,159
3701,139
3702,145
3703,122
3704,138
3705,109
3706,120
3707,138
3708,114
3709,127
3710,126
3711,114
3712,124
3713,123
3714,132
3715,131
3716,125
3717,170
3718,157
3719,136
3720,163
3721,125
3722,119
3723,127
3724,100
3725,87
3726,55
3727,71
3728,58
3729,71
3730,49
3731,58
3732,67
3733,54
3734,53
3735,45
3736,27
3737,25
3738,30
3739,20
3740,23
3741,21
3742,20
3743,5
3744,9
3745,4
3746,6
3747,6
3748,8
3749,6
3750,4
3751,2
3752,3
3753,2
3754,6
3755,1
3756,1
3757,2
3758,4
3759,5
3760,10
3761,8
3762,10
3763,14
3764,15
3765,16
3766,28
3767,46
3768,71
3769,90
3770,137
3771,191
3772,233
3773,306
3774,348
3775,335
3776,327
3777,252
3778,288
3779,251
3780,223
3781,183
3782,162
3783,163
3784,119
3785,113
3786,146
3787,125
3788,137
3789,129
3790,130
3791,143
3792,150
3793,125
3794,121
3795,113
3796,137
3797,130
3798,118
3799,107
3800,126
3801,127
3802,120
3803,136
3804,160
3805,137
3806,151
3807,161
3808,168
3809,146
3810,158
3811,149
3812,175
3813,156
3814,193
3815,192
3816,136
3817,191
3818,148
3819,140
3820,117
3821,114
3822,86
3823,89
3824,73
3825,59
3826,61
3827,52
3828,63
3829,52
3830,50
3831,42
3832,46
3833,28
3834,24
3835,30
3836,22
3837,14
3838,10
3839,12
3840,8
3841,5
3842,9
3843,5
3844,7
3845,5
3846,1
3847,4
3848,4
3849,3
3850,4
3851,4
3852,3
3853,5
3854,2
3855,6
3856,9
3857,3
3858,10
3859,11
3860,18
3861,30
3862,28
3863,45
3864,69
3865,93
3866,133
3867,206
3868,229
3869,292
3870,394
3871,315
3872,315
3873,239
3874,304
3875,286
3876,200
3877,194
3878,189
3879,196
3880,150
3881,137
3882,140
3883,157
3884,135
3885,119
3886,145
3887,110
3888,122
3889,142
3890,139
3891,125
3892,122
3893,136
3894,140
3895,113
3896,106
3897,124
3898,122
3899,126
3900,139
3901,166
3902,128
3903,141
3904,137
3905,175
3906,154
3907,156
3908,147
3909,200
3910,182
3911,214
3912,167
3913,154
3914,174
3915,162
3916,128
3917,131
3918,109
3919,77
3920,82
3921,89
3922,71
3923,80
3924,75
3925,56
3926,68
3927,66
3928,50
3929,40
3930,35
3931,52
3932,25
3933,22
3934,12
3935,16
3936,13
3937,8
3938,12
3939,4
3940,11
3941,1
3942,6
3943,3
3944,4
3945,4
3946,4
3947,5
3948,3
3949,3
3950,4
3951,2
3952,6
3953,9
3954,9
3955,8
3956,11
3957,21
3958,28
3959,53
3960,66
3961,98
3962,148
3963,182
3964,262
3965,330
3966,326
3967,332
3968,302
3969,292
3970,246
3971,282
3972,208
3973,164
3974,201
3975,177
3976,124
3977,173
3978,143
3979,127
3980,117
3981,135
3982,106
3983,132
3984,121
3985,123
3986,101
3987,120
3988,115
3989,121
3990,112
3991,129
3992,129
3993,110
3994,128
3995,119
3996,131
3997,159
3998,141
3999,147
4000,137
4001,145
4002,164
4003,171
4004,184
4005,181
4006,196
4007,200
4008,170
4009,162
4010,153
4011,159
4012,134
4013,99
4014,91
4015,113
4016,75
4017,60
4018,75
4019,72
4020,67
4021,57
4022,60
4023,65
4024,48
4025,44
4026,28
4027,32
4028,35
4029,25
4030,17
4031,16
4032,8
4033,5
4034,6
4035,6
4036,5
4037,9
4038,5
4039,6
4040,1
4041,4
4042,1
4043,5
4044,3
4045,4
4046,2
4047,4
4048,7
4049,9
4050,14
4051,3
4052,11
4053,28
4054,32
4055,58
4056,89
4057,95
4058,145
4059,217
4060,191
4061,330
4062,321
4063,337
4064,293
4065,304
4066,245
4067,310
4068,209
4069,217
4070,140
4071,192
4072,122
4073,147
4074,124
4075,140
4076,152
4077,115
4078,143
4079,137
4080,143
4081,112
4082,134
4083,116
4084,139
4085,121
4086,119
4087,113
4088,107
4089,134
4090,131
4091,108
4092,136
4093,169
4094,164
4095,158
4096,145
4097,165
4098,169
4099,173
4100,171
4101,175
4102,180
4103,185
4104,160
4105,177
4106,167
4107,137
4108,146
4109,141
4110,108
4111,89
4112,94
4113,71
4114,84
4115,88
4116,84
4117,65
4118,72
4119,67
4120,52
4121,42
4122,48
4123,62
4124,34
4125,27
4126,19
4127,17
4128,15
4129,12
4130,9
4131,10
4132,7
4133,6
4134,6
4135,5
4136,3
4137,7
4138,6
4139,3
4140,2
4141,4
4142,5
4143,5
4144,8
4145,10
4146,8
4147,7
4148,15
4149,21
4150,30
4151,55
4152,70
4153,100
4154,136
4155,169
4156,227
4157,301
4158,354
4159,319
4160,305
4161,282
4162,288
4163,270
4164,215
4165,172
4166,186
4167,163
4168,130
4169,148
4170,145
4171,118
4172,142
4173,151
4174,140
4175,133
4176,128
4177,154
4178,134
4179,133
4180,134
4181,132
4182,134
4183,133
4184,115
4185,150
4186,143
4187,165
4188,169
4189,172
4190,149
4191,180
4192,160
4193,154
4194,165
4195,170
4196,161
4197,195
4198,167
4199,170
4200,154
4201,156
4202,115
4203,180
4204,149
4205,87
4206,114
4207,108
4208,80
4209,72
4210,71
4211,65
4212,74
4213,80
4214,51
4215,36
4216,42
4217,62
4218,47
4219,48
4220,35
4221,30
4222,30
4223,25
4224,32
4225,30
4226,20
4227,19
4228,16
4229,25
4230,10
4231,9
4232,6
4233,6
4234,6
4235,12
4236,6
4237,12
4238,11
4239,7
4240,8
4241,4
4242,10
4243,7
4244,10
4245,12
4246,20
4247,23
4248,28
4249,41
4250,46
4251,53
4252,53
4253,43
4254,59
4255,75
4256,100
4257,103
4258,125
4259,141
4260,148
4261,175
4262,168
4263,152
4264,190
4265,170
4266,157
4267,204
4268,164
4269,179
4270,164
4271,223
4272,185
4273,156
4274,252
4275,148
4276,163
4277,173
4278,174
4279,149
4280,151
4281,176
4282,130
4283,159
4284,172
4285,144
4286,136
4287,161
4288,145
4289,161
4290,160
4291,186
4292,160
4293,147
4294,160
4295,172
4296,162
4297,150
4298,151
4299,150
4300,123
4301,112
4302,111
4303,98
4304,71
4305,70
4306,67
4307,53
4308,68
4309,62
4310,64
4311,37
4312,40
4313,54
4314,36
4315,45
4316,44
4317,37
4318,46
4319,34
4320,29
4321,29
4322,29
4323,28
4324,18
4325,19
4326,21
4327,10
4328,16
4329,16
4330,14
4331,13
4332,9
4333,12
4334,5
4335,5
4336,8
4337,9
4338,15
4339,10
4340,18
4341,7
4342,10
4343,11
4344,14
4345,31
4346,44
4347,33
4348,22
4349,30
4350,33
4351,61
4352,49
4353,45
4354,77
4355,97
4356,82
4357,105
4358,135
4359,109
4360,138
4361,117
4362,144
4363,124
4364,140
4365,145
4366,129
4367,134
4368,136
4369,147
4370,166
4371,149
4372,162
4373,144
4374,123
4375,107
4376,140
4377,121
4378,160
4379,115
4380,152
4381,120
4382,152
4383,119
4384,126
4385,143
4386,143
4387,158
4388,145
4389,134
4390,141
4391,154
4392,132
4393,136
4394,118
4395,100
4396,76
4397,82
4398,86
4399,0
4400,65
4401,76
4402,54
4403,63
4404,64
4405,60
4406,56
4407,42
4408,35
4409,25
4410,28
4411,27
4412,22
4413,12
4414,14
4415,14
4416,11
4417,2
4418,8
4419,5
4420,8
4421,6
4422,4
4423,4
4424,3
4425,2
4426,2
4427,2
4428,1
4429,1
4430,5
4431,4
4432,15
4433,6
4434,5
4435,13
4436,11
4437,16
4438,24
4439,42
4440,70
4441,98
4442,134
4443,184
4444,221
4445,332
4446,365
4447,303
4448,344
4449,243
4450,308
4451,258
4452,196
4453,182
4454,138
4455,138
4456,139
4457,129
4458,123
4459,127
4460,105
4461,121
4462,119
4463,132
4464,148
4465,138
4466,112
4467,111
4468,114
4469,152
4470,136
4471,107
4472,101
4473,123
4474,126
4475,118
4476,161
4477,170
4478,133
4479,151
4480,159
4481,141
4482,139
4483,153
4484,147
4485,194
4486,170
4487,208
4488,166
4489,181
4490,165
4491,147
4492,127
4493,109
4494,84
4495,80
4496,97
4497,69
4498,59
4499,53
4500,60
4501,56
4502,42
4503,47
4504,37
4505,33
4506,32
4507,28
4508,15
4509,24
4510,12
4511,10
4512,11
4513,11
4514,5
4515,7
4516,9
4517,4
4518,1
4519,6
4520,1
4521,5
4522,5
4523,2
4524,3
4525,2
4526,2
4527,4
4528,12
4529,6
4530,9
4531,9
4532,20
4533,17
4534,21
4535,39
4536,88
4537,109
4538,146
4539,189
4540,258
4541,302
4542,358
4543,346
4544,298
4545,260
4546,259
4547,275
4548,232
4549,223
4550,152
4551,163
4552,159
4553,139
4554,131
4555,128
4556,109
4557,142
4558,115
4559,122
4560,117
4561,143
4562,102
4563,114
4564,128
4565,122
4566,113
4567,117
4568,112
4569,121
4570,156
4571,129
4572,131
4573,174
4574,151
4575,134
4576,148
4577,178
4578,127
4579,168
4580,189
4581,175
4582,183
4583,192
4584,186
4585,156
4586,157
4587,147
4588,115
4589,140
4590,103
4591,72
4592,84
4593,65
4594,72
4595,82
4596,59
4597,77
4598,68
4599,46
4600,48
4601,35
4602,43
4603,39
4604,34
4605,36
4606,22
4607,22
4608,22
4609,11
4610,6
4611,5
4612,6
4613,4
4614,6
4615,5
4616,3
4617,4
4618,1
4619,4
4620,1
4621,2
4622,2
4623,2
4624,16
4625,8
4626,6
4627,9
4628,16
4629,21
4630,29
4631,36
4632,82
4633,108
4634,132
4635,202
4636,233
4637,330
4638,325
4639,351
4640,309
4641,266
4642,259
4643,234
4644,239
4645,168
4646,163
4647,172
4648,140
4649,140
4650,131
4651,133
4652,140
4653,121
4654,117
4655,112
4656,113
4657,136
4658,105
4659,111
4660,126
4661,116
4662,120
4663,119
4664,114
4665,115
4666,134
4667,130
4668,140
4669,149
4670,135
4671,137
4672,143
4673,142
4674,162
4675,192
4676,164
4677,196
4678,177
4679,192
4680,177
4681,181
4682,149
4683,169
4684,136
4685,145
4686,110
4687,119
4688,84
4689,75
4690,81
4691,60
4692,71
4693,66
4694,63
4695,62
4696,59
4697,42
4698,37
4699,29
4700,23
4701,25
4702,14
4703,9
4704,12
4705,7
4706,11
4707,5
4708,10
4709,5
4710,5
4711,5
4712,7
4713,3
4714,4
4715,6
4716,3
4717,2
4718,4
4719,7
4720,9
4721,3
4722,12
4723,15
4724,12
4725,23
4726,26
4727,51
4728,70
4729,118
4730,161
4731,193
4732,245
4733,311
4734,294
4735,346
4736,326
4737,245
4738,245
4739,257
4740,266
4741,205
4742,189
4743,168
4744,135
4745,156
4746,116
4747,129
4748,109
4749,155
4750,124
4751,134
4752,124
4753,130
4754,131
4755,120
4756,112
4757,143
4758,136
4759,87
4760,124
4761,119
4762,134
4763,141
4764,141
4765,179
4766,131
4767,144
4768,181
4769,167
4770,152
4771,173
4772,194
4773,159
4774,157
4775,192
4776,161
4777,171
4778,154
4779,125
4780,129
4781,125
4782,104
4783,99
4784,76
4785,74
4786,76
4787,79
4788,64
4789,71
4790,76
4791,50
4792,55
4793,65
4794,42
4795,37
4796,42
4797,34
4798,28
4799,13
4800,12
4801,10
4802,16
4803,15
4804,10
4805,3
4806,4
4807,6
4808,5
4809,5
4810,3
4811,3
4812,4
4813,9
4814,5
4815,8
4816,14
4817,4
4818,7
4819,15
4820,8
4821,27
4822,31
4823,51
4824,75
4825,99
4826,123
4827,204
4828,262
4829,294
4830,364
4831,341
4832,283
4833,259
4834,294
4835,256
4836,196
4837,167
4838,179
4839,146
4840,149
4841,137
4842,149
4843,156
4844,143
4845,118
4846,160
4847,120
4848,158
4849,103
4850,145
4851,126
4852,119
4853,143
4854,119
4855,154
4856,133
4857,154
4858,157
4859,155
4860,142
4861,180
4862,173
4863,149
4864,159
4865,148
4866,120
4867,161
4868,163
4869,182
4870,158
4871,192
4872,170
4873,179
4874,177
4875,141
4876,105
4877,113
4878,123
4879,116
4880,89
4881,63
4882,74
4883,75
4884,77
4885,62
4886,54
4887,46
4888,45
4889,47
4890,48
4891,51
4892,44
4893,38
4894,38
4895,25
4896,24
4897,16
4898,23
4899,24
4900,13
4901,8
4902,12
4903,7
4904,14
4905,4
4906,5
4907,6
4908,5
4909,10
4910,2
4911,7
4912,6
4913,7
4914,12
4915,5
4916,13
4917,14
4918,14
4919,23
4920,22
4921,51
4922,42
4923,56
4924,39
4925,53
4926,83
4927,89
4928,88
4929,119
4930,124
4931,127
4932,203
4933,189
4934,137
4935,151
4936,219
4937,176
4938,162
4939,198
4940,182
4941,163
4942,206
4943,230
4944,182
4945,158
4946,239
4947,172
4948,149
4949,172
4950,166
4951,153
4952,138
4953,224
4954,136
4955,130
4956,149
4957,150
4958,133
4959,141
4960,146
4961,153
4962,129
4963,183
4964,141
4965,146
4966,141
4967,115
4968,125
4969,170
4970,142
4971,151
4972,117
4973,127
4974,100
4975,82
4976,67
4977,72
4978,67
4979,54
4980,51
4981,53
4982,50
4983,48
4984,50
4985,50
4986,31
4987,58
4988,45
4989,51
4990,50
4991,43
4992,40
4993,34
4994,34
4995,16
4996,24
4997,26
4998,13
4999,13
5000,11
5001,10
5002,5
5003,11
5004,9
5005,11
5006,12
5007,4
5008,13
5009,10
5010,3
5011,7
5012,14
5013,6
5014,7
5015,12
5016,16
5017,28
5018,28
5019,33
5020,21
5021,31
5022,30
5023,46
5024,43
5025,47
5026,57
5027,93
5028,86
5029,77
5030,119
5031,143
5032,119
5033,122
5034,110
5035,119
5036,128
5037,140
5038,136
5039,122
5040,144
5041,142
5042,149
5043,156
5044,153
5045,143
5046,153
5047,150
5048,147
5049,108
5050,140
5051,134
5052,114
5053,133
5054,118
5055,135
5056,124
5057,146
5058,147
5059,140
5060,165
5061,155
5062,145
5063,155
5064,133
5065,137
5066,118
5067,97
5068,88
5069,87
5070,73
5071,64
5072,67
5073,45
5074,43
5075,73
5076,57
5077,52
5078,34
5079,38
5080,30
5081,26
5082,35
5083,19
5084,21
5085,16
5086,10
5087,7
5088,13
5089,4
5090,7
5091,7
5092,11
5093,4
5094,4
5095,6
5096,3
5097,0
5098,2
5099,1
5100,5
5101,5
5102,6
5103,3
5104,8
5105,3
5106,11
5107,11
5108,13
5109,25
5110,33
5111,42
5112,53
5113,110
5114,155
5115,194
5116,186
5117,337
5118,346
5119,283
5120,302
5121,257
5122,306
5123,272
5124,191
5125,154
5126,159
5127,139
5128,124
5129,126
5130,104
5131,116
5132,123
5133,115
5134,128
5135,142
5136,139
5137,92
5138,116
5139,136
5140,129
5141,134
5142,124
5143,121
5144,123
5145,129
5146,119
5147,104
5148,137
5149,169
5150,121
5151,153
5152,153
5153,120
5154,162
5155,156
5156,169
5157,160
5158,182
5159,175
5160,156
5161,175
5162,144
5163,139
5164,106
5165,100
5166,102
5167,84
5168,61
5169,98
5170,59
5171,59
5172,42
5173,49
5174,53
5175,62
5176,36
5177,39
5178,38
5179,23
5180,20
5181,18
5182,12
5183,11
5184,8
5185,3
5186,8
5187,10
5188,7
5189,1
5190,6
5191,6
5192,3
5193,2
5194,2
5195,4
5196,1
5197,4
5198,10
5199,2
5200,9
5201,9
5202,6
5203,16
5204,16
5205,24
5206,26
5207,49
5208,74
5209,110
5210,137
5211,199
5212,246
5213,312
5214,305
5215,370
5216,276
5217,283
5218,258
5219,326
5220,205
5221,216
5222,165
5223,152
5224,145
5225,125
5226,215
5227,120
5228,120
5229,130
5230,116
5231,127
5232,111
5233,118
5234,107
5235,115
5236,123
5237,109
5238,134
5239,143
5240,126
5241,127
5242,148
5243,118
5244,150
5245,188
5246,147
5247,154
5248,146
5249,158
5250,183
5251,156
5252,167
5253,184
5254,172
5255,187
5256,175
5257,170
5258,142
5259,126
5260,137
5261,133
5262,94
5263,82
5264,87
5265,70
5266,58
5267,65
5268,70
5269,65
5270,43
5271,56
5272,60
5273,52
5274,49
5275,38
5276,24
5277,25
5278,15
5279,11
5280,12
5281,8
5282,6
5283,8
5284,3
5285,3
5286,6
5287,2
5288,3
5289,1
5290,4
5291,4
5292,3
5293,7
5294,3
5295,3
5296,11
5297,7
5298,8
5299,7
5300,17
5301,23
5302,43
5303,52
5304,70
5305,105
5306,160
5307,181
5308,248
5309,300
5310,315
5311,407
5312,277
5313,288
5314,264
5315,293
5316,268
5317,206
5318,142
5319,181
5320,139
5321,148
5322,130
5323,142
5324,125
5325,124
5326,101
5327,114
5328,115
5329,157
5330,145
5331,131
5332,112
5333,151
5334,135
5335,118
5336,108
5337,107
5338,151
5339,129
5340,133
5341,156
5342,152
5343,130
5344,179
5345,153
5346,163
5347,166
5348,189
5349,179
5350,223
5351,185
5352,196
5353,188
5354,155
5355,125
5356,112
5357,115
5358,98
5359,93
5360,65
5361,87
5362,70
5363,69
5364,60
5365,62
5366,48
5367,50
5368,58
5369,49
5370,38
5371,35
5372,20
5373,22
5374,24
5375,11
5376,10
5377,9
5378,12
5379,2
5380,9
5381,3
5382,5
5383,5
5384,6
5385,3
5386,3
5387,6
5388,6
5389,4
5390,2
5391,3
5392,6
5393,8
5394,12
5395,8
5396,17
5397,22
5398,32
5399,50
5400,68
5401,85
5402,152
5403,199
5404,241
5405,337
5406,359
5407,350
5408,258
5409,319
5410,283
5411,323
5412,204
5413,260
5414,158
5415,168
5416,152
5417,141
5418,135
5419,127
5420,111
5421,129
5422,137
5423,133
5424,123
5425,134
5426,107
5427,106
5428,133
5429,134
5430,146
5431,122
5432,121
5433,141
5434,131
5435,138
5436,143
5437,175
5438,150
5439,137
5440,142
5441,158
5442,137
5443,168
5444,133
5445,208
5446,173
5447,192
5448,187
5449,178
5450,134
5451,148
5452,132
5453,124
5454,85
5455,90
5456,94
5457,79
5458,52
5459,66
5460,77
5461,71
5462,79
5463,54
5464,56
5465,48
5466,51
5467,52
5468,38
5469,23
5470,17
5471,22
5472,17
5473,5
5474,10
5475,8
5476,5
5477,5
5478,2
5479,7
5480,5
5481,4
5482,3
5483,2
5484,3
5485,5
5486,5
5487,7
5488,6
5489,1
5490,10
5491,9
5492,17
5493,19
5494,35
5495,42
5496,63
5497,107
5498,149
5499,197
5500,234
5501,331
5502,315
5503,315
5504,309
5505,278
5506,271
5507,272
5508,182
5509,208
5510,149
5511,155
5512,136
5513,125
5514,150
5515,124
5516,130
5517,122
5518,114
5519,160
5520,131
5521,108
5522,134
5523,120
5524,121
5525,134
5526,126
5527,154
5528,130
5529,134
5530,141
5531,135
5532,146
5533,142
5534,188
5535,168
5536,176
5537,142
5538,177
5539,143
5540,206
5541,192
5542,162
5543,187
5544,165
5545,155
5546,133
5547,157
5548,120
5549,108
5550,112
5551,80
5552,79
5553,83
5554,76
5555,67
5556,70
5557,67
5558,48
5559,46
5560,51
5561,40
5562,47
5563,39
5564,52
5565,31
5566,35
5567,32
5568,25
5569,18
5570,26
5571,21
5572,13
5573,6
5574,11
5575,8
5576,5
5577,6
5578,6
5579,9
5580,5
5581,8
5582,5
5583,6
5584,7
5585,8
5586,5
5587,6
5588,9
5589,9
5590,19
5591,28
5592,21
5593,36
5594,53
5595,50
5596,41
5597,59
5598,68
5599,90
5600,98
5601,116
5602,127
5603,129
5604,126
5605,217
5606,141
5607,149
5608,197
5609,175
5610,120
5611,194
5612,182
5613,196
5614,156
5615,246
5616,159
5617,176
5618,216
5619,170
5620,147
5621,141
5622,193
5623,150
5624,140
5625,211
5626,119
5627,153
5628,188
5629,166
5630,131
5631,149
5632,173
5633,136
5634,138
5635,170
5636,148
5637,125
5638,165
5639,140
5640,169
5641,163
5642,164
5643,154
5644,133
5645,133
5646,98
5647,28
5648,92
5649,79
5650,59
5651,48
5652,60
5653,44
5654,57
5655,52
5656,51
5657,40
5658,54
5659,42
5660,35
5661,35
5662,27
5663,33
5664,37
5665,32
5666,28
5667,14
5668,16
5669,7
5670,17
5671,0
5672,0
5673,0
5674,0
5675,11
5676,10
5677,12
5678,14
5679,13
5680,7
5681,13
5682,4
5683,6
5684,10
5685,7
5686,13
5687,10
5688,18
5689,19
5690,23
5691,33
5692,22
5693,22
5694,33
5695,46
5696,39
5697,42
5698,66
5699,73
5700,67
5701,88
5702,91
5703,110
5704,91
5705,110
5706,113
5707,113
5708,125
5709,112
5710,116
5711,148
5712,135
5713,156
5714,151
5715,151
5716,155
5717,132
5718,120
5719,114
5720,130
5721,133
5722,108
5723,162
5724,127
5725,155
5726,134
5727,124
5728,134
5729,128
5730,160
5731,167
5732,132
5733,184
5734,147
5735,143
5736,125
5737,113
5738,106
5739,110
5740,82
5741,94
5742,69
5743,72
5744,78
5745,71
5746,66
5747,60
5748,66
5749,43
5750,53
5751,49
5752,41
5753,35
5754,29
5755,25
5756,19
5757,13
5758,19
5759,12
5760,11
5761,7
5762,8
5763,2
5764,8
5765,7
5766,2
5767,4
5768,2
5769,1
5770,4
5771,2
5772,2
5773,1
5774,4
5775,7
5776,11
5777,4
5778,17
5779,14
5780,9
5781,16
5782,25
5783,44
5784,69
5785,83
5786,149
5787,184
5788,248
5789,286
5790,339
5791,322
5792,271
5793,276
5794,272
5795,304
5796,227
5797,171
5798,163
5799,132
5800,103
5801,130
5802,111
5803,142
5804,105
5805,119
5806,137
5807,144
5808,123
5809,120
5810,139
5811,120
5812,143
5813,129
5814,123
5815,117
5816,140
5817,132
5818,124
5819,133
5820,150
5821,171
5822,107
5823,167
5824,158
5825,170
5826,134
5827,172
5828,153
5829,184
5830,181
5831,198
5832,193
5833,174
5834,149
5835,160
5836,130
5837,125
5838,101
5839,88
5840,91
5841,87
5842,54
5843,63
5844,64
5845,54
5846,56
5847,48
5848,44
5849,44
5850,43
5851,25
5852,27
5853,25
5854,18
5855,15
5856,11
5857,5
5858,8
5859,7
5860,3
5861,3
5862,3
5863,5
5864,5
5865,2
5866,0
5867,5
5868,2
5869,3
5870,4
5871,1
5872,12
5873,11
5874,7
5875,10
5876,22
5877,18
5878,26
5879,38
5880,66
5881,77
5882,137
5883,190
5884,234
5885,273
5886,350
5887,377
5888,279
5889,291
5890,259
5891,292
5892,263
5893,193
5894,167
5895,140
5896,163
5897,134
5898,132
5899,124
5900,148
5901,143
5902,146
5903,139
5904,125
5905,130
5906,133
5907,121
5908,103
5909,145
5910,138
5911,128
5912,104
5913,120
5914,140
5915,129
5916,154
5917,160
5918,136
5919,149
5920,150
5921,137
5922,159
5923,138
5924,180
5925,173
5926,191
5927,221
5928,141
5929,190
5930,128
5931,143
5932,112
5933,135
5934,116
5935,93
5936,94
5937,78
5938,80
5939,64
5940,67
5941,70
5942,62
5943,62
5944,64
5945,49
5946,40
5947,38
5948,30
5949,16
5950,17
5951,14
5952,92
5953,93
5954,90
5955,55
5956,64
5957,50
5958,47
5959,36
5960,34
5961,36
5962,34
5963,24
5964,34
5965,28
5966,19
5967,20
5968,22
5969,24
5970,18
5971,10
5972,13
5973,22
5974,14
5975,34
5976,17
5977,39
5978,53
5979,48
5980,31
5981,47
5982,51
5983,46
5984,59
5985,60
5986,81
5987,111
5988,114
5989,112
5990,134
5991,145
5992,154
5993,188
5994,197
5995,200
5996,191
5997,218
5998,250
5999,292
6000,294
6001,301
6002,245
6003,298
6004,292
6005,256
6006,275
6007,295
6008,309
6009,278
6010,293
6011,321
6012,264
6013,262
6014,276
6015,280
6016,269
6017,346
6018,336
6019,333
6020,361
6021,375
6022,333
6023,319
6024,279
6025,246
6026,195
6027,167
6028,164
6029,168
6030,135
6031,105
6032,120
6033,118
6034,110
6035,111
6036,104
6037,125
6038,95
6039,117
6040,87
6041,82
6042,55
6043,58
6044,57
6045,51
6046,41
6047,41
6048,31
6049,19
6050,20
6051,20
6052,12
6053,8
6054,12
6055,7
6056,8
6057,9
6058,7
6059,6
6060,7
6061,10
6062,9
6063,6
6064,6
6065,7
6066,11
6067,15
6068,13
6069,25
6070,22
6071,51
6072,62
6073,89
6074,135
6075,151
6076,202
6077,249
6078,329
6079,266
6080,365
6081,331
6082,390
6083,271
6084,258
6085,265
6086,240
6087,262
6088,203
6089,243
6090,209
6091,237
6092,204
6093,235
6094,246
6095,269
6096,217
6097,222
6098,218
6099,262
6100,239
6101,246
6102,282
6103,275
6104,229
6105,276
6106,258
6107,318
6108,289
6109,314
6110,343
6111,377
6112,379
6113,431
6114,376
6115,378
6116,365
6117,416
6118,341
6119,398
6120,332
6121,366
6122,307
6123,223
6124,229
6125,231
6126,201
6127,163
6128,159
6129,134
6130,137
6131,149
6132,124
6133,109
6134,103
6135,107
6136,107
6137,88
6138,66
6139,54
6140,68
6141,58
6142,49
6143,29
6144,20
6145,29
6146,16
6147,9
6148,8
6149,13
6150,8
6151,12
6152,14
6153,7
6154,9
6155,4
6156,6
6157,6
6158,5
6159,7
6160,5
6161,9
6162,11
6163,11
6164,16
6165,20
6166,25
6167,57
6168,83
6169,109
6170,158
6171,184
6172,210
6173,260
6174,321
6175,285
6176,350
6177,391
6178,332
6179,379
6180,310
6181,270
6182,281
6183,266
6184,234
6185,224
6186,256
6187,218
6188,236
6189,240
6190,257
6191,255
6192,249
6193,249
6194,279
6195,251
6196,272
6197,250
6198,255
6199,249
6200,294
6201,351
6202,278
6203,331
6204,324
6205,344
6206,331
6207,389
6208,369
6209,367
6210,404
6211,383
6212,414
6213,324
6214,344
6215,371
6216,339
6217,382
6218,308
6219,279
6220,257
6221,259
6222,199
6223,170
6224,155
6225,148
6226,111
6227,156
6228,149
6229,157
6230,131
6231,144
6232,100
6233,100
6234,102
6235,86
6236,85
6237,68
6238,53
6239,37
6240,32
6241,30
6242,26
6243,13
6244,22
6245,17
6246,13
6247,8
6248,6
6249,9
6250,9
6251,3
6252,6
6253,6
6254,6
6255,7
6256,10
6257,9
6258,16
6259,9
6260,12
6261,19
6262,33
6263,51
6264,73
6265,108
6266,157
6267,174
6268,201
6269,274
6270,281
6271,354
6272,344
6273,337
6274,360
6275,339
6276,302
6277,272
6278,279
6279,286
6280,250
6281,225
6282,259
6283,274
6284,271
6285,235
6286,266
6287,228
6288,242
6289,282
6290,260
6291,280
6292,265
6293,259
6294,291
6295,282
6296,261
6297,280
6298,281
6299,316
6300,330
6301,310
6302,366
6303,329
6304,346
6305,401
6306,348
6307,408
6308,380
6309,385
6310,471
6311,328
6312,388
6313,390
6314,310
6315,305
6316,247
6317,234
6318,222
6319,194
6320,164
6321,170
6322,155
6323,124
6324,141
6325,141
6326,147
6327,114
6328,131
6329,94
6330,84
6331,82
6332,90
6333,76
6334,50
6335,45
6336,42
6337,37
6338,19
6339,18
6340,12
6341,20
6342,23
6343,16
6344,12
6345,14
6346,7
6347,10
6348,5
6349,6
6350,13
6351,5
6352,6
6353,11
6354,16
6355,11
6356,11
6357,22
6358,28
6359,44
6360,81
6361,89
6362,152
6363,161
6364,180
6365,245
6366,278
6367,324
6368,324
6369,372
6370,283
6371,330
6372,300
6373,292
6374,290
6375,285
6376,235
6377,244
6378,246
6379,250
6380,253
6381,275
6382,258
6383,255
6384,247
6385,236
6386,279
6387,267
6388,275
6389,233
6390,292
6391,309
6392,287
6393,336
6394,294
6395,289
6396,378
6397,361
6398,351
6399,370
6400,373
6401,363
6402,388
6403,380
6404,422
6405,379
6406,332
6407,367
6408,372
6409,421
6410,342
6411,291
6412,284
6413,255
6414,252
6415,239
6416,206
6417,177
6418,227
6419,208
6420,304
6421,275
6422,185
6423,158
6424,127
6425,118
6426,92
6427,105
6428,113
6429,78
6430,64
6431,62
6432,31
6433,34
6434,34
6435,20
6436,18
6437,14
6438,18
6439,11
6440,18
6441,8
6442,5
6443,11
6444,5
6445,11
6446,8
6447,9
6448,9
6449,11
6450,14
6451,17
6452,17
6453,23
6454,29
6455,57
6456,66
6457,93
6458,155
6459,195
6460,203
6461,234
6462,294
6463,308
6464,357
6465,360
6466,370
6467,317
6468,232
6469,290
6470,267
6471,266
6472,248
6473,221
6474,264
6475,230
6476,273
6477,253
6478,266
6479,297
6480,262
6481,261
6482,295
6483,277
6484,275
6485,322
6486,296
6487,290
6488,298
6489,319
6490,337
6491,302
6492,373
6493,348
6494,411
6495,373
6496,336
6497,406
6498,408
6499,321
6500,373
6501,347
6502,355
6503,356
6504,351
6505,390
6506,378
6507,321
6508,298
6509,320
6510,261
6511,247
6512,187
6513,205
6514,176
6515,208
6516,254
6517,284
6518,184
6519,137
6520,117
6521,117
6522,104
6523,118
6524,125
6525,104
6526,96
6527,85
6528,87
6529,62
6530,60
6531,46
6532,42
6533,44
6534,43
6535,36
6536,33
6537,25
6538,25
6539,22
6540,29
6541,26
6542,25
6543,11
6544,11
6545,14
6546,17
6547,13
6548,13
6549,15
6550,24
6551,25
6552,37
6553,45
6554,88
6555,78
6556,59
6557,74
6558,87
6559,125
6560,133
6561,149
6562,148
6563,210
6564,169
6565,170
6566,246
6567,220
6568,259
6569,262
6570,252
6571,280
6572,298
6573,264
6574,294
6575,305
6576,338
6577,350
6578,324
6579,330
6580,330
6581,304
6582,349
6583,360
6584,323
6585,337
6586,337
6587,299
6588,332
6589,339
6590,345
6591,332
6592,323
6593,324
6594,373
6595,373
6596,324
6597,422
6598,382
6599,357
6600,358
6601,344
6602,319
6603,257
6604,243
6605,229
6606,200
6607,149
6608,165
6609,124
6610,103
6611,151
6612,120
6613,122
6614,107
6615,96
6616,118
6617,99
6618,115
6619,111
6620,120
6621,115
6622,125
6623,125
6624,108
6625,119
6626,89
6627,73
6628,71
6629,57
6630,64
6631,54
6632,38
6633,43
6634,38
6635,36
6636,33
6637,27
6638,16
6639,28
6640,17
6641,21
6642,13
6643,20
6644,10
6645,14
6646,21
6647,25
6648,25
6649,26
6650,48
6651,49
6652,33
6653,47
6654,61
6655,49
6656,66
6657,81
6658,64
6659,107
6660,100
6661,127
6662,151
6663,170
6664,154
6665,208
6666,154
6667,222
6668,185
6669,266
6670,260
6671,276
6672,319
6673,331
6674,311
6675,295
6676,300
6677,344
6678,305
6679,302
6680,340
6681,311
6682,341
6683,304
6684,320
6685,338
6686,261
6687,361
6688,299
6689,364
6690,353
6691,342
6692,421
6693,338
6694,403
6695,304
6696,281
6697,291
6698,218
6699,193
6700,167
6701,164
6702,133
6703,125
6704,112
6705,122
6706,102
6707,120
6708,108
6709,112
6710,94
6711,66
6712,71
6713,82
6714,68
6715,74
6716,59
6717,52
6718,34
6719,23
6720,32
6721,24
6722,19
6723,16
6724,9
6725,9
6726,12
6727,9
6728,8
6729,6
6730,5
6731,13
6732,8
6733,7
6734,6
6735,10
6736,9
6737,12
6738,10
6739,13
6740,23
6741,19
6742,26
6743,47
6744,69
6745,80
6746,161
6747,178
6748,208
6749,236
6750,287
6751,320
6752,331
6753,388
6754,314
6755,383
6756,292
6757,276
6758,247
6759,266
6760,201
6761,187
6762,232
6763,243
6764,196
6765,233
6766,249
6767,241
6768,257
6769,262
6770,254
6771,226
6772,277
6773,283
6774,269
6775,257
6776,241
6777,270
6778,292
6779,286
6780,303
6781,348
6782,347
6783,331
6784,390
6785,410
6786,371
6787,414
6788,368
6789,400
6790,391
6791,374
6792,418
6793,333
6794,294
6795,255
6796,229
6797,237
6798,170
6799,165
6800,149
6801,130
6802,120
6803,135
6804,132
6805,135
6806,109
6807,92
6808,95
6809,84
6810,84
6811,65
6812,52
6813,52
6814,43
6815,31
6816,29
6817,34
6818,12
6819,13
6820,11
6821,13
6822,21
6823,7
6824,12
6825,5
6826,3
6827,6
6828,9
6829,2
6830,13
6831,7
6832,6
6833,12
6834,15
6835,7
6836,13
6837,31
6838,31
6839,49
6840,72
6841,100
6842,183
6843,174
6844,221
6845,265
6846,250
6847,293
6848,319
6849,381
6850,372
6851,341
6852,310
6853,275
6854,287
6855,266
6856,233
6857,254
6858,257
6859,259
6860,248
6861,252
6862,245
6863,234
6864,256
6865,230
6866,297
6867,263
6868,231
6869,278
6870,237
6871,295
6872,268
6873,292
6874,320
6875,321
6876,322
6877,390
6878,389
6879,361
6880,344
6881,396
6882,410
6883,400
6884,422
6885,355
6886,385
6887,395
6888,340
6889,384
6890,310
6891,304
6892,266
6893,225
6894,223
6895,174
6896,164
6897,129
6898,135
6899,146
6900,155
6901,163
6902,166
6903,116
6904,127
6905,105
6906,108
6907,106
6908,74
6909,59
6910,76
6911,44
6912,24
6913,27
6914,20
6915,19
6916,9
6917,19
6918,16
6919,11
6920,5
6921,7
6922,5
6923,7
6924,9
6925,6
6926,5
6927,4
6928,4
6929,7
6930,15
6931,13
6932,15
6933,20
6934,32
6935,44
6936,79
6937,109
6938,157
6939,173
6940,213
6941,265
6942,246
6943,336
6944,371
6945,327
6946,354
6947,310
6948,301
6949,298
6950,283
6951,288
6952,236
6953,232
6954,289
6955,226
6956,211
6957,270
6958,261
6959,196
6960,249
6961,247
6962,251
6963,258
6964,278
6965,290
6966,257
6967,292
6968,283
6969,262
6970,302
6971,287
6972,328
6973,358
6974,351
6975,377
6976,369
6977,405
6978,363
6979,444
6980,315
6981,400
6982,355
6983,386
6984,406
6985,420
6986,313
6987,283
6988,251
6989,233
6990,199
6991,200
6992,177
6993,122
6994,147
6995,135
6996,152
6997,141
6998,114
6999,160
7000,144
7001,147
7002,105
7003,96
7004,86
7005,71
7006,62
7007,46
7008,40
7009,24
7010,20
7011,23
7012,17
7013,19
7014,15
7015,15
7016,14
7017,14
7018,9
7019,9
7020,4
7021,9
7022,7
7023,9
7024,10
7025,8
7026,18
7027,12
7028,10
7029,26
7030,41
7031,47
7032,77
7033,108
7034,179
7035,184
7036,207
7037,278
7038,264
7039,329
7040,335
7041,335
7042,417
7043,319
7044,304
7045,258
7046,308
7047,265
7048,263
7049,244
7050,256
7051,231
7052,228
7053,271
7054,273
7055,247
7056,254
7057,296
7058,231
7059,319
7060,272
7061,268
7062,307
7063,307
7064,285
7065,253
7066,326
7067,370
7068,355
7069,337
7070,381
7071,367
7072,377
7073,382
7074,396
7075,393
7076,425
7077,340
7078,385
7079,393
7080,359
7081,376
7082,350
7083,307
7084,297
7085,237
7086,280
7087,227
7088,208
7089,213
7090,220
7091,203
7092,262
7093,279
7094,202
7095,171
7096,133
7097,124
7098,122
7099,90
7100,108
7101,73
7102,67
7103,51
7104,46
7105,42
7106,35
7107,27
7108,24
7109,23
7110,17
7111,10
7112,16
7113,12
7114,11
7115,5
7116,7
7117,5
7118,7
7119,10
7120,6
7121,15
7122,21
7123,16
7124,19
7125,23
7126,42
7127,49
7128,68
7129,105
7130,166
7131,216
7132,212
7133,251
7134,250
7135,343
7136,323
7137,349
7138,345
7139,276
7140,275
7141,272
7142,236
7143,266
7144,214
7145,229
7146,230
7147,213
7148,260
7149,262
7150,299
7151,259
7152,273
7153,270
7154,292
7155,264
7156,294
7157,286
7158,301
7159,276
7160,325
7161,303
7162,302
7163,341
7164,310
7165,365
7166,369
7167,349
7168,345
7169,393
7170,386
7171,389
7172,377
7173,366
7174,398
7175,373
7176,418
7177,386
7178,403
7179,348
7180,311
7181,270
7182,225
7183,239
7184,200
7185,192
7186,189
7187,216
7188,258
7189,278
7190,174
7191,126
7192,144
7193,120
7194,126
7195,125
7196,136
7197,107
7198,101
7199,86
7200,78
7201,78
7202,64
7203,51
7204,47
7205,48
7206,25
7207,52
7208,20
7209,30
7210,38
7211,17
7212,16
7213,26
7214,22
7215,9
7216,16
7217,14
7218,12
7219,16
7220,16
7221,13
7222,23
7223,33
7224,31
7225,48
7226,66
7227,88
7228,60
7229,80
7230,96
7231,104
7232,115
7233,142
7234,145
7235,182
7236,198
7237,181
7238,221
7239,244
7240,227
7241,255
7242,256
7243,259
7244,291
7245,257
7246,352
7247,318
7248,338
7249,332
7250,295
7251,375
7252,286
7253,351
7254,313
7255,402
7256,326
7257,330
7258,348
7259,301
7260,340
7261,338
7262,329
7263,345
7264,345
7265,388
7266,392
7267,373
7268,347
7269,406
7270,402
7271,446
7272,352
7273,328
7274,276
7275,272
7276,278
7277,186
7278,177
7279,162
7280,151
7281,126
7282,118
7283,110
7284,113
7285,128
7286,132
7287,117
7288,120
7289,122
7290,119
7291,128
7292,122
7293,121
7294,117
7295,118
7296,115
7297,111
7298,84
7299,85
7300,71
7301,56
7302,62
7303,51
7304,33
7305,41
7306,35
7307,42
7308,40
7309,26
7310,30
7311,24
7312,15
7313,16
7314,17
7315,13
7316,23
7317,21
7318,31
7319,33
7320,28
7321,33
7322,35
7323,30
7324,28
7325,44
7326,42
7327,53
7328,65
7329,63
7330,86
7331,106
7332,115
7333,127
7334,147
7335,173
7336,156
7337,187
7338,199
7339,217
7340,231
7341,252
7342,285
7343,265
7344,349
7345,329
7346,321
7347,316
7348,329
7349,294
7350,288
7351,316
7352,292
7353,331
7354,282
7355,349
7356,303
7357,313
7358,310
7359,346
7360,329
7361,345
7362,388
7363,324
7364,371
7365,427
7366,377
7367,331
7368,268
7369,252
7370,203
7371,178
7372,172
7373,202
7374,153
7375,162
7376,120
7377,121
7378,117
7379,117
7380,132
7381,111
7382,118
7383,93
7384,101
7385,81
7386,72
7387,66
7388,56
7389,55
7390,40
7391,43
7392,21
7393,29
7394,18
7395,16
7396,14
7397,14
7398,10
7399,9
7400,11
7401,7
7402,11
7403,10
7404,3
7405,8
7406,6
7407,5
7408,7
7409,10
7410,11
7411,14
7412,21
7413,18
7414,29
7415,49
7416,78
7417,104
7418,153
7419,186
7420,181
7421,280
7422,235
7423,329
7424,291
7425,338
7426,303
7427,334
7428,276
7429,332
7430,249
7431,227
7432,214
7433,203
7434,230
7435,216
7436,219
7437,261
7438,199
7439,202
7440,223
7441,272
7442,266
7443,265
7444,264
7445,260
7446,260
7447,261
7448,267
7449,283
7450,299
7451,284
7452,331
7453,355
7454,359
7455,346
7456,382
7457,412
7458,393
7459,387
7460,411
7461,302
7462,400
7463,365
7464,357
7465,299
7466,299
7467,273
7468,241
7469,212
7470,230
7471,186
7472,141
7473,137
7474,119
7475,127
7476,138
7477,129
7478,108
7479,103
7480,101
7481,93
7482,69
7483,69
7484,85
7485,61
7486,37
7487,30
7488,27
7489,29
7490,26
7491,25
7492,13
7493,10
7494,7
7495,12
7496,11
7497,13
7498,8
7499,6
7500,3
7501,8
7502,5
7503,5
7504,12
7505,10
7506,19
7507,13
7508,12
7509,32
7510,33
7511,48
7512,65
7513,119
7514,149
7515,192
7516,200
7517,295
7518,240
7519,333
7520,340
7521,352
7522,399
7523,286
7524,279
7525,297
7526,287
7527,266
7528,219
7529,242
7530,245
7531,233
7532,253
7533,220
7534,250
7535,245
7536,274
7537,259
7538,243
7539,210
7540,249
7541,256
7542,243
7543,266
7544,267
7545,322
7546,278
7547,344
7548,369
7549,344
7550,344
7551,356
7552,363
7553,385
7554,425
7555,337
7556,420
7557,338
7558,386
7559,376
7560,293
7561,419
7562,364
7563,304
7564,275
7565,244
7566,199
7567,151
7568,144
7569,154
7570,109
7571,142
7572,143
7573,143
7574,140
7575,116
7576,128
7577,96
7578,110
7579,74
7580,80
7581,73
7582,57
7583,53
7584,40
7585,20
7586,26
7587,24
7588,26
7589,11
7590,8
7591,17
7592,5
7593,9
7594,8
7595,6
7596,13
7597,6
7598,5
7599,4
7600,8
7601,9
7602,17
7603,15
7604,10
7605,17
7606,37
7607,47
7608,79
7609,108
7610,184
7611,209
7612,206
7613,251
7614,315
7615,315
7616,356
7617,374
7618,301
7619,327
7620,269
7621,309
7622,255
7623,290
7624,223
7625,231
7626,239
7627,248
7628,208
7629,243
7630,256
7631,256
7632,266
7633,271
7634,258
7635,236
7636,269
7637,267
7638,297
7639,294
7640,282
7641,275
7642,319
7643,314
7644,322
7645,336
7646,332
7647,375
7648,396
7649,374
7650,392
7651,345
7652,420
7653,369
7654,332
7655,363
7656,389
7657,422
7658,372
7659,285
7660,273
7661,239
7662,186
7663,181
7664,160
7665,149
7666,138
7667,194
7668,165
7669,147
7670,131
7671,169
7672,128
7673,102
7674,110
7675,82
7676,79
7677,73
7678,57
7679,46
7680,50
7681,35
7682,27
7683,19
7684,19
7685,19
7686,13
7687,15
7688,10
7689,11
7690,10
7691,10
7692,7
7693,8
7694,6
7695,11
7696,6
7697,13
7698,21
7699,10
7700,14
7701,20
7702,33
7703,55
7704,71
7705,108
7706,166
7707,203
7708,200
7709,239
7710,272
7711,292
7712,317
7713,378
7714,286
7715,291
7716,268
7717,298
7718,255
7719,295
7720,242
7721,201
7722,260
7723,230
7724,244
7725,234
7726,280
7727,294
7728,301
7729,248
7730,266
7731,230
7732,288
7733,297
7734,263
7735,294
7736,273
7737,288
7738,324
7739,358
7740,326
7741,352
7742,340
7743,387
7744,340
7745,421
7746,366
7747,386
7748,359
7749,355
7750,358
7751,396
7752,433
7753,379
7754,344
7755,328
7756,291
7757,278
7758,227
7759,215
7760,220
7761,202
7762,192
7763,208
7764,278
7765,305
7766,224
7767,139
7768,134
7769,133
7770,92
7771,96
7772,88
7773,66
7774,60
7775,54
7776,40
7777,43
7778,40
7779,34
7780,25
7781,18
7782,17
7783,13
7784,13
7785,19
7786,17
7787,15
7788,10
7789,8
7790,7
7791,5
7792,7
7793,15
7794,17
7795,13
7796,20
7797,20
7798,36
7799,48
7800,63
7801,91
7802,171
7803,191
7804,212
7805,254
7806,294
7807,296
7808,369
7809,373
7810,326
7811,292
7812,267
7813,292
7814,236
7815,267
7816,244
7817,249
7818,232
7819,244
7820,229
7821,286
7822,286
7823,331
7824,271
7825,318
7826,281
7827,278
7828,287
7829,323
7830,299
7831,290
7832,277
7833,304
7834,334
7835,306
7836,367
7837,390
7838,333
7839,383
7840,373
7841,403
7842,418
7843,356
7844,380
7845,393
7846,367
7847,394
7848,423
7849,362
7850,330
7851,359
7852,298
7853,284
7854,259
7855,217
7856,194
7857,182
7858,171
7859,189
7860,257
7861,309
7862,221
7863,153
7864,129
7865,134
7866,119
7867,120
7868,118
7869,128
7870,102
7871,98
7872,87
7873,70
7874,51
7875,50
7876,36
7877,46
7878,39
7879,34
7880,31
7881,31
7882,29
7883,21
7884,17
7885,10
7886,12
7887,15
7888,17
7889,14
7890,17
7891,15
7892,9
7893,23
7894,17
7895,29
7896,39
7897,47
7898,74
7899,69
7900,56
7901,73
7902,95
7903,131
7904,119
7905,154
7906,165
7907,178
7908,191
7909,226
7910,199
7911,233
7912,225
7913,227
7914,277
7915,292
7916,288
7917,302
7918,282
7919,146
7920,294
7921,318
7922,299
7923,380
7924,314
7925,357
7926,323
7927,345
7928,329
7929,300
7930,347
7931,304
7932,306
7933,393
7934,338
7935,314
7936,331
7937,303
7938,385
7939,360
7940,369
7941,466
7942,379
7943,353
7944,348
7945,337
7946,268
7947,264
7948,253
7949,262
7950,190
7951,188
7952,142
7953,150
7954,128
7955,119
7956,98
7957,119
7958,101
7959,124
7960,116
7961,117
7962,129
7963,121
7964,138
7965,158
7966,133
7967,107
7968,111
7969,107
7970,84
7971,75
7972,60
7973,67
7974,47
7975,35
7976,37
7977,31
7978,35
7979,31
7980,27
7981,29
7982,26
7983,18
7984,29
7985,22
7986,24
7987,14
7988,14
7989,21
7990,29
7991,18
7992,26
7993,26
7994,51
7995,44
7996,47
7997,40
7998,61
7999,63
8000,73
8001,91
8002,84
8003,111
8004,113
8005,110
8006,159
8007,189
8008,167
8009,188
8010,188
8011,226
8012,228
8013,245
8014,230
8015,318
8016,320
8017,310
8018,349
8019,332
8020,332
8021,318
8022,245
8023,329
8024,249
8025,340
8026,307
8027,302
8028,324
8029,270
8030,276
8031,348
8032,335
8033,337
8034,349
8035,359
8036,444
8037,383
8038,416
8039,322
8040,321
8041,272
8042,230
8043,231
8044,177
8045,155
8046,162
8047,140
8048,124
8049,121
8050,107
8051,128
8052,118
8053,110
8054,104
8055,87
8056,77
8057,75
8058,76
8059,63
8060,64
8061,47
8062,29
8063,39
8064,42
8065,21
8066,13
8067,14
8068,14
8069,12
8070,18
8071,4
8072,15
8073,6
8074,11
8075,3
8076,9
8077,8
8078,11
8079,8
8080,8
8081,15
8082,15
8083,15
8084,18
8085,21
8086,29
8087,49
8088,65
8089,112
8090,151
8091,189
8092,192
8093,243
8094,247
8095,322
8096,350
8097,356
8098,369
8099,287
8100,269
8101,266
8102,245
8103,236
8104,226
8105,204
8106,247
8107,215
8108,202
8109,237
8110,249
8111,226
8112,272
8113,246
8114,247
8115,208
8116,255
8117,250
8118,243
8119,267
8120,245
8121,294
8122,286
8123,301
8124,315
8125,349
8126,361
8127,315
8128,339
8129,377
8130,360
8131,411
8132,343
8133,389
8134,376
8135,405
8136,398
8137,314
8138,298
8139,252
8140,214
8141,236
8142,188
8143,181
8144,154
8145,128
8146,120
8147,121
8148,135
8149,123
8150,142
8151,120
8152,101
8153,85
8154,84
8155,76
8156,51
8157,68
8158,43
8159,33
8160,35
8161,24
8162,13
8163,23
8164,8
8165,15
8166,12
8167,7
8168,6
8169,7
8170,4
8171,8
8172,9
8173,6
8174,3
8175,5
8176,7
8177,15
8178,8
8179,15
8180,23
8181,26
8182,28
8183,47
8184,77
8185,100
8186,175
8187,216
8188,198
8189,268
8190,276
8191,300
8192,355
8193,334
8194,350
8195,288
8196,283
8197,307
8198,247
8199,275
8200,247
8201,233
8202,249
8203,240
8204,219
8205,214
8206,251
8207,244
8208,244
8209,251
8210,271
8211,281
8212,230
8213,263
8214,263
8215,265
8216,296
8217,289
8218,299
8219,320
8220,358
8221,314
8222,372
8223,358
8224,351
8225,423
8226,360
8227,411
8228,371
8229,336
8230,404
8231,331
8232,404
8233,415
8234,308
8235,273
8236,237
8237,236
8238,199
8239,176
8240,156
8241,146
8242,150
8243,140
8244,167
8245,141
8246,133
8247,120
8248,115
8249,127
8250,87
8251,89
8252,82
8253,77
8254,51
8255,38
8256,30
8257,31
8258,33
8259,23
8260,12
8261,21
8262,12
8263,11
8264,19
